title,context,question,answer,fluent(something you could say in the languege),correct answer,correct gramatically(correct way to answer the question),references,predictions,FL-FC-LF,Synonym Substitution,predictions,FL-FC-LF,Typo,predictions,FL-FC-LF,Rewording,predictions,FL-FC-LF,Code-Switching,predictions,FL-FC,FC=3/50
Jozef Filus,"Gymnázium a neskôr filozofiu študoval v Nitre. V roku 1951 ilegálne emigroval cez Rakúsko do Nemecka, kde v St. Augustine skončil teologické štúdiá. V roku 1952 bol vysvätený za kňaza a následný rok odchádza ako misionár do mesta Bello Horizonte v Brazílii. Páter Jozef Filus pôsobil v tejto krajine celých 46 rokov. Tu sa učil po portugalsky, dejiny a kultúru krajiny. Neskôr pôsobil v mestách Tres Rios a Rio de Janeiro, Santa Casa, Juiz Fora, Vale Jequitiuhonha a Gama. Ešte aj vo svojich 75 rokoch pôsobil vo veľkej nemocnici v Bello Horizonte. V tomto meste je aj pochovaný.",V ktorom roku emigroval rímskokatolícky misionár Jozef Filus do Nemecka ?,"{'text': ['1951'], 'answer_start': [54]}",1,1,1,1951,Roku 1831,1-0-1,V ktorom roku sa presťahoval rímskokatolícky misionár Jozef Filus do Nemecka?,Rok 1786,1-0-1,V ktorom roku emigroval rímskkokatolícky misonar Jozef Filus do Nemecka?,Rok 1831,1-0-1,Kedy odišiel rímskokatolícky misionár Jozef Filus žiť do Nemecka?,Roku 1831,1-0-1,In which roku emigroval Roman Catholic misionár Jozef Filus do Germany?,1740,1-0-1,
Jozef Filus,"Gymnázium a neskôr filozofiu študoval v Nitre. V roku 1951 ilegálne emigroval cez Rakúsko do Nemecka, kde v St. Augustine skončil teologické štúdiá. V roku 1952 bol vysvätený za kňaza a následný rok odchádza ako misionár do mesta Bello Horizonte v Brazílii. Páter Jozef Filus pôsobil v tejto krajine celých 46 rokov. Tu sa učil po portugalsky, dejiny a kultúru krajiny. Neskôr pôsobil v mestách Tres Rios a Rio de Janeiro, Santa Casa, Juiz Fora, Vale Jequitiuhonha a Gama. Ešte aj vo svojich 75 rokoch pôsobil vo veľkej nemocnici v Bello Horizonte. V tomto meste je aj pochovaný.",Kde dokončil rímskokatolícky misionár Jozef Filus svoje teologické štúdiá ?,"{'text': ['v St. Augustine'], 'answer_start': [106]}",1,1,1,v St. Augustine,Jozef Filus dokončil svoje teologické štúdiá na Teologickej fakulte Katolíckej univerzity v Ružomberku.,1-0-1,Kde ukončil rímskokatolícky misionár Jozef Filus svoje teologické vzdelanie?,V roku 1854 absolvoval Jozef Filus štúdium teológie na univerzite v Ríme.,1-0-1,Kde doknočil rímskokatolícky misionar Jozef Filus svoje teologickke štúdiá?,V roku 1854 absolvoval Jozef Filus štúdiá na Teologickej fakulte Rímskokatolíckej univerzity v Ríme.,1-0-1,V ktorom meste ukončil svoje teologické štúdiá rímskokatolícky misionár Jozef Filus?,V Ríme.,1-0-1,Where dokončil rímskokatolícky misionár Jozef Filus svoje theological studies?,Jozef Filus dokončil svoje theologické štúdiá na Teologickej fakulte Univerzity v Trnave.,1-0-1,
Jozef Filus,"Gymnázium a neskôr filozofiu študoval v Nitre. V roku 1951 ilegálne emigroval cez Rakúsko do Nemecka, kde v St. Augustine skončil teologické štúdiá. V roku 1952 bol vysvätený za kňaza a následný rok odchádza ako misionár do mesta Bello Horizonte v Brazílii. Páter Jozef Filus pôsobil v tejto krajine celých 46 rokov. Tu sa učil po portugalsky, dejiny a kultúru krajiny. Neskôr pôsobil v mestách Tres Rios a Rio de Janeiro, Santa Casa, Juiz Fora, Vale Jequitiuhonha a Gama. Ešte aj vo svojich 75 rokoch pôsobil vo veľkej nemocnici v Bello Horizonte. V tomto meste je aj pochovaný.",Kde študoval rímskokatolícky misionár Jozef Filus filozofiu ?,"{'text': ['v Nitre'], 'answer_start': [38]}",1,1,1,v Nitre,Štrasburg,1-0-1,Kde sa vzdelával rímskokatolícky misionár Jozef Filus v oblasti filozofie?,V Ríme,1-0-1,Kde študval rímskokatolícky misionár Jozef Filus filzofiu?,V Ríme,1-0-1,V ktorom meste získal rímskokatolícky misionár Jozef Filus filozofické vzdelanie?,Mesto Bologna,1-0-1,Kde studied rímskokatolícky misionár Jozef Filus philosophy?,Sorbonne,1-0-0,
Jozef Filus,"Gymnázium a neskôr filozofiu študoval v Nitre. V roku 1951 ilegálne emigroval cez Rakúsko do Nemecka, kde v St. Augustine skončil teologické štúdiá. V roku 1952 bol vysvätený za kňaza a následný rok odchádza ako misionár do mesta Bello Horizonte v Brazílii. Páter Jozef Filus pôsobil v tejto krajine celých 46 rokov. Tu sa učil po portugalsky, dejiny a kultúru krajiny. Neskôr pôsobil v mestách Tres Rios a Rio de Janeiro, Santa Casa, Juiz Fora, Vale Jequitiuhonha a Gama. Ešte aj vo svojich 75 rokoch pôsobil vo veľkej nemocnici v Bello Horizonte. V tomto meste je aj pochovaný.",Kam emigroval rímskokatolícky misionár Jozef Filus v roku 1951 ?,"{'text': ['do Nemecka'], 'answer_start': [90]}",1,1,1,do Nemecka,V roku 1951 emigroval rímskokatolícky misionár Jozef Filus do Kanady.,1-0-1,Do akej krajiny odišiel rímskokatolícky misionár Jozef Filus v roku 1951?,Južná Afrika,1-0-1,Kam emigroval rímskokatolíckyy misonar Jozef Filus v roku 1951?,V roku 1951 emigroval rímskokatolícky misonar Jozef Filus do Kanady.,1-0-1,Do ktorej krajiny sa presťahoval rímskokatolícky misionár Jozef Filus v roku 1951?,Slovensko,1-0-1,Kam emigrated rímskokatolícky misionár Jozef Filus v roku 1951?,V roku 1951 emigroval rímskokatolícky misionár Jozef Filus do Kanady.,1-0-1,
Jozef Filus,"Gymnázium a neskôr filozofiu študoval v Nitre. V roku 1951 ilegálne emigroval cez Rakúsko do Nemecka, kde v St. Augustine skončil teologické štúdiá. V roku 1952 bol vysvätený za kňaza a následný rok odchádza ako misionár do mesta Bello Horizonte v Brazílii. Páter Jozef Filus pôsobil v tejto krajine celých 46 rokov. Tu sa učil po portugalsky, dejiny a kultúru krajiny. Neskôr pôsobil v mestách Tres Rios a Rio de Janeiro, Santa Casa, Juiz Fora, Vale Jequitiuhonha a Gama. Ešte aj vo svojich 75 rokoch pôsobil vo veľkej nemocnici v Bello Horizonte. V tomto meste je aj pochovaný.",V ktorom roku bol rímskokatolícky misionár Jozef Filus vysvätený za kňaza ?,"{'text': ['1952'], 'answer_start': [156]}",1,1,1,1952,Rok 1914,1-0-1,Kedy bol rímskokatolícky misionár Jozef Filus ordinovaný za kňaza?,Rok 1914,1-0-1,V ktorom roku bol rímskokatolícky misionár Jozef Filus vysvätený za knaza?,Rok 1914,1-0-1,"Kedy bol Jozef Filus, rímskokatolícky misionár, vysvätený za kňaza?",Rok ordinatory 1846,0-0-0,In which year bol rímskokatolícky misionár Jozef Filus vysvätený za kňaza?,1846,1-0-1,
Holub plúžik,"Na hniezdenie potrebuje bútľavý strom, veľmi často hniezdi v dutinách po tesárovi čiernom. Dokáže prijať aj búdku. Obaja rodičia prinesú do dutiny suché steblá tráv, listy a slamky. Páreniu predchádza zobáčikovanie, hrkútanie, kŕmenie a preberanie si pierok na hlave. Po párení samec za pleskotu krídel vzlietne, urobí polkruh s nadvihnutými krídlami a vracia sa nazad. Na dvoch bielych vajciach sedáva hlavne samica a okolo obeda ju samec vystrieda. Mláďatá sa vyliahnu po 17tich dňoch. Výchova mláďat na hniezde trvá mesiac a kŕmia obaja rodičia.",Ako dlho trvá výchova mláďat na hniezde u Holuba plúžika ?,"{'text': ['Výchova mláďat na hniezde trvá mesiac a kŕmia obaja rodičia.'], 'answer_start': [488]}",1,1,1,Výchova mláďat na hniezde trvá mesiac a kŕmia obaja rodičia.,Od mája do septembra.,1-0-1,Aký čas trvá starostlivosť o mláďatá na hniezde u Holuba plúžika?,Holub plúzik sa stará o mláďatá na hniezde približne od šiestich do ôsmich týždňov.,1-1-1,Ako dlho trva vychova mláďat na hniezde u Holuba pluzika?,"Hoci je to závislé od veku mláďat, u holuba pluzika je to zvyčajne od štyroch do šiestich týždňov.",1-1-1,"Ako dlho trvá, kým sa mláďatá Holuba plúžika osamostatnia od hniezda?","Odhaduje sa, že mláďatá holuba plúžika sa osamostatnia od hniezda po šiestich až ôsmich týždňoch.",1-1-1,Ako dlho lasts the raising of mláďatá at the nest u Holuba plúžika?,Holuby plúžkové rodia svoje mláďatá v hniezde približne od júna do septembra.,1-0-1,
Holub plúžik,"Na hniezdenie potrebuje bútľavý strom, veľmi často hniezdi v dutinách po tesárovi čiernom. Dokáže prijať aj búdku. Obaja rodičia prinesú do dutiny suché steblá tráv, listy a slamky. Páreniu predchádza zobáčikovanie, hrkútanie, kŕmenie a preberanie si pierok na hlave. Po párení samec za pleskotu krídel vzlietne, urobí polkruh s nadvihnutými krídlami a vracia sa nazad. Na dvoch bielych vajciach sedáva hlavne samica a okolo obeda ju samec vystrieda. Mláďatá sa vyliahnu po 17tich dňoch. Výchova mláďat na hniezde trvá mesiac a kŕmia obaja rodičia.",Aké podmienky vyžaduje Holub plúžik na hniezdenie ?,"{'text': ['Na hniezdenie potrebuje bútľavý strom, veľmi často hniezdi v dutinách po tesárovi čiernom. Dokáže prijať aj búdku.'], 'answer_start': [0]}",1,1,1,"Na hniezdenie potrebuje bútľavý strom, veľmi často hniezdi v dutinách po tesárovi čiernom. Dokáže prijať aj búdku.",Hniezdi v suchom a tienivom prostredí.,1-1-1,Aké požiadavky má Holub plúžik na vytvorenie hniezda?,"Holuby plúžiky potrebujú miesto na hniezdenie. Najprv si vyberú miesto, ktoré je dostatočne veľké, aby sa tam mohli usadiť. Potom si vyberú miesto, ktoré je dostatočne teplé, aby sa tam mohli usadiť. Nakoniec si vyberú miesto, ktoré je dostatočne veľké, aby sa tam mohli usadiť.",1-0-1,Aké podmienky vyžaduje Holub plúžik na hniezdene?,"Holub plúžik je vták, ktorý sa zdržiava v tieni. Má rád teplo a vlhkosť. Hniezdi v tieni, kde môže nájsť pohodlné miesto na hniezdenie. Hniezdi v tieni, kde môže nájsť pohodlné miesto na hniezdenie. Hniezdi v tieni, kde môže nájsť pohodlné miesto na hniezdenie. Hniezdi v tieni, kde môže nájsť pohodlné miesto",1-0-1,Aké faktory sú dôležité pre hniezdenie Holuba plúžika?,"Prvá. Teplota vody je dôležitá. Teplota vody je dôležitá pre hniezdenie, pretože udržuje teplotu v teple. Druhý. Vlhkosť je dôležitá. Vlhkosť je dôležitá pre hniezdenie, pretože udržuje vlhkosť v teple. Tretia. Vlhkosť je dôležitá pre hniezdenie. Vlhkosť je dôležitá pre hniezdenie, pretože udržuje vlhkosť v teple. 4. Teplota je dôležitá. Teplota je dôležitá",1-0-1,Aké conditions vyžaduje Holub plúžik for nesting?,"Holub plúžik je schopný hniezdiť len v úplne suchom a tienivom prostredí. Potrebuje tiež veľa svetla, pretože holuby sú schopné žiť v tme a v tieni. Holuby sú tiež schopné hniezdiť v úplne suchom a tienivom prostredí, ak je teplota vzduchu aspoň 20°C.",1-0-1,
Holub plúžik,"Na hniezdenie potrebuje bútľavý strom, veľmi často hniezdi v dutinách po tesárovi čiernom. Dokáže prijať aj búdku. Obaja rodičia prinesú do dutiny suché steblá tráv, listy a slamky. Páreniu predchádza zobáčikovanie, hrkútanie, kŕmenie a preberanie si pierok na hlave. Po párení samec za pleskotu krídel vzlietne, urobí polkruh s nadvihnutými krídlami a vracia sa nazad. Na dvoch bielych vajciach sedáva hlavne samica a okolo obeda ju samec vystrieda. Mláďatá sa vyliahnu po 17tich dňoch. Výchova mláďat na hniezde trvá mesiac a kŕmia obaja rodičia.",Čo predchádza páreniu u Holuba plúžika ?,"{'text': ['zobáčikovanie, hrkútanie, kŕmenie a preberanie si pierok na hlave'], 'answer_start': [201]}",1,1,1,"zobáčikovanie, hrkútanie, kŕmenie a preberanie si pierok na hlave",Holuby plúžiky sa pária v období od marca do mája.,1-0-1,Aké správanie predchádza páreniu u Holuba plúžika?,"Holuby plúžiky sú známe svojím výrazným a často agresívnym správaním, ktoré predchádza páreniu. Holuby plúžiky sa môžu páriť tým, že sa pohybujú a skákajú, a to môže byť spôsobené rôznymi faktormi, ako je napríklad fyzická aktivita, strava a prostredie. Holuby plúžiky sa tiež môžu páriť tým, že sa pohybujú a skákajú,",1-0-1,Čo predchadza pareniu u Holuba plúžika?,"Holuby plúžiky sa môžu páriť iba vtedy, keď sú úplne zrelé. V tomto štádiu sa mláďatá ukladajú do vajíčok a potom sa mláďatá ukladajú do vajíčok.",1-0-1,Aké správanie vykonávajú Holuby plúžiky pred párením?,Pred párením sa holubice pohybujú a spievajú.,1-1-1,What happens pred párením u Holuba plúžika?,Pred párením sa u holuba plúžika vytvárajú otvory na ukladanie vajíčka.,1-0-1,
Holub plúžik,"Holub plúžik meria 32 – 34 cm, rozpätie krídel 63-69 cm a dosahuje maximálnu hmotnosť 250 – 300 g. Hlavu a temeno má modrastosivé, chrbát hnedosivý, krídla na lopatkách modrastosivé, na krídlach len náznak tmavých pásov, ručné letky čiernohnedé, od šiestej má časť letky sivú. Boky krku sú lesklé zelené, hrvoľ ma vínovočervený nádych. Obe pohlavia majú rovnaké zafarbenie. Mláďatám chýbajú zelené lesklé škvrny na boku krku. Dospelé vtáky majú veľké a stredné krovky na krídlach so striebristým nádychom, mláďatá majú krídla sivé.",Ako vyzerá Holub plúžik ?,"{'text': ['Hlavu a temeno má modrastosivé, chrbát hnedosivý, krídla na lopatkách modrastosivé, na krídlach len náznak tmavých pásov, ručné letky čiernohnedé, od šiestej má časť letky sivú. Boky krku sú lesklé zelené, hrvoľ ma vínovočervený nádych. Obe pohlavia majú rovnaké zafarbenie. Mláďatám chýbajú zelené lesklé škvrny na boku krku. Dospelé vtáky majú veľké a stredné krovky na krídlach so striebristým nádychom, mláďatá majú krídla sivé.'], 'answer_start': [99]}",1,1,1,"Hlavu a temeno má modrastosivé, chrbát hnedosivý, krídla na lopatkách modrastosivé, na krídlach len náznak tmavých pásov, ručné letky čiernohnedé, od šiestej má časť letky sivú. Boky krku sú lesklé zelené, hrvoľ ma vínovočervený nádych. Obe pohlavia majú rovnaké zafarbenie. Mláďatám chýbajú zelené lesklé škvrny na boku krku. Dospelé vtáky majú veľké a stredné krovky na krídlach so striebristým nádychom, mláďatá majú krídla sivé.","Holub plúžik je vták s krátkym chvostom a s krátkym okom. Má krátke, biele krídla a krátke, čierne nohy. Holuby plúžiky sú veľmi priateľské vtáky a často sa stretávajú s ľuďmi.",1-0-1,Aký je vzhľad Holuba plúžika?,"Pštrosi majú krátke, štíhle nohy s hrubými špičkami. Majú biele alebo čierne tváre a biele alebo čierne oči.",1-0-1,Ako vzyera Holub plúžk?,Holuby jedia listy.,1-0-1,Čo charakterizuje vzhľad Holuba plúžika?,"Plošný orol je malý orol s hrubým telom a krátkym chvostom. Má krátke, štíhle nohy a hrubé, štíhle uši. Jeho hlava je hrubá a rovná, s hrubým a štíhlym hrbom. Jeho brucho je hrubé a štíhle, s hrubým a štíhlym chrbtom. Jeho uši sú hrubé a štíhle, s hrubým a štíhlym",1-0-1,How does Holub plúžik vyzerá?,"Holub plúžik je malý, štíhly plúžik s krátkym, hrubým chvostom. Má krátke, hrubé nohy a hrubé, hrubé uši. Holub plúžik je známy svojou schopnosťou skákať a skákať. Holub plúžik je tiež známy svojou schopnosťou skákať a skákať. Holub plúžik je známy svojou schopnosťou skákať a skákať.",1-0-1,
Holub plúžik,"Holub plúžik meria 32 – 34 cm, rozpätie krídel 63-69 cm a dosahuje maximálnu hmotnosť 250 – 300 g. Hlavu a temeno má modrastosivé, chrbát hnedosivý, krídla na lopatkách modrastosivé, na krídlach len náznak tmavých pásov, ručné letky čiernohnedé, od šiestej má časť letky sivú. Boky krku sú lesklé zelené, hrvoľ ma vínovočervený nádych. Obe pohlavia majú rovnaké zafarbenie. Mláďatám chýbajú zelené lesklé škvrny na boku krku. Dospelé vtáky majú veľké a stredné krovky na krídlach so striebristým nádychom, mláďatá majú krídla sivé.",Aké rozpätie krídel má Holub plúžik ?,"{'text': ['63-69 cm'], 'answer_start': [47]}",1,1,1,63-69 cm,Rozpätie krídel holuba plúžika je od 8 do 11 stôp.,1-0-1,Aké veľké krídla má Holub plúžik?,"Holub plúžik má krídla o veľkosti asi 2,5 metra.",1-0-1,Ake rozpatie kridel má Holub plužik?,Holub plužik má rozpätie krídel od 8 do 11 stôp.,1-0-1,Koľko meria rozpätie krídel Holuba plúžika?,Rozpätie krídel holuba plúžika je od 8 do 11 stôp.,1-0-1,Aký wingspan má Holub plúžik?,Plošná dĺžka krídel je od 8 do 11 stôp.,1-0-1,
Abbey Road (album),"Legenda o Paulovej smrti vznikla roku 12. októbra, 1969, keď neznámy hlas oznámil túto správu do vysielania v jednom rádiu v Michigane. Upozornil na určité indície v dialógoch na pozadí skladby „Revolution 9“ (The Beatles (The White Album)), ktoré túto skutočnosť naznačujú. Podľa zaručených správ na obale platne je odfotený Paulov dvojník, ktorý sa na neho podobá vzhľadom aj hlasom. Oblečenie Johna (biele ako farár) a Ringa  (predstaviteľ pohrebného ústavu) sa zdalo príliš oficiálnym, slávnostným, pohrebným a George so svojimi riflami a tričkom vzadu bol označovaný za hrobára.",Kedy vznikla legenda o smrti Paula McCartneyho ?,"{'text': ['12. októbra, 1969'], 'answer_start': [38]}",1,1,1,"12. októbra, 1969",Rok 1980,1-0-1,V ktorom roku sa začal šíriť mýtus o úmrtí Paula McCartneyho?,Rok 1980,1-0-1,Kedy vznilk legenda o smrrti Paula McCratneyho?,Rok 2003,1-0-1,"Kedy sa začalo hovoriť o tom, že Paul McCartney je mŕtvy?",Rok 2009,1-0-1,Kedy vznikla legenda o death of Paul McCartney?,V roku 1963.,1-0-1,
Abbey Road (album),"Legenda o Paulovej smrti vznikla roku 12. októbra, 1969, keď neznámy hlas oznámil túto správu do vysielania v jednom rádiu v Michigane. Upozornil na určité indície v dialógoch na pozadí skladby „Revolution 9“ (The Beatles (The White Album)), ktoré túto skutočnosť naznačujú. Podľa zaručených správ na obale platne je odfotený Paulov dvojník, ktorý sa na neho podobá vzhľadom aj hlasom. Oblečenie Johna (biele ako farár) a Ringa  (predstaviteľ pohrebného ústavu) sa zdalo príliš oficiálnym, slávnostným, pohrebným a George so svojimi riflami a tričkom vzadu bol označovaný za hrobára.",Kvôli čomu sa vznikla legenda o smrti Paula McCartneyho ?,"{'text': ['neznámy hlas oznámil túto správu do vysielania v jednom rádiu v Michigane'], 'answer_start': [61]}",1,1,1,neznámy hlas oznámil túto správu do vysielania v jednom rádiu v Michigane,"Legenda o smrti Paula McCartneyho vznikla kvôli tomu, že McCartney mal vážne zdravotné problémy a jeho liečba nebola úspešná.",1-0-1,Z akého dôvodu sa objavila povera o úmrtí Paula McCartneyho?,"Povery o úmrtí Paula McCartneyho sa objavili, keď sa jeho žena, Linda McCartneyová, rozhodla, že je čas dať verejnosti jeho úmrtie.",1-0-1,Kvôli čomu sa vznikla legeda o smri Paula McKartneyho?,"Legenda o smrti Paula McCartneyho bola založená na tom, že McCartney zabil svojho brata, ktorý bol súčasťou jeho kapely. McCartney bol známy tým, že zabil svojho brata, keď bol mladší ako 18 rokov. Táto legenda bola založená na tom, že McCartney zabil svojho brata, keď bol súčasťou jeho kapely. Legenda bola založená na tom, že McCartney zabil svojho brata, keď bol súčasťou jeho kapely.",0-0-1,"Čo spôsobilo vznik konšpirácie o tom, že Paul McCartney zomrel?","V roku 2009 sa objavila správa, že McCartney zomrel na rakovinu pankreasu. Táto správa bola následne odstránená a žiadne dôkazy o McCartneyho smrti neboli zistené. Avšak, v roku 2010 sa objavila správa, že McCartney zomrel na rakovinu pečene. Táto správa bola následne odstránená a žiadne dôkazy o McCartneyho smrti neboli zistené. Avšak, v roku 2011 sa objavila správa, že McCartney",1-0-1,Why vznikla legenda o smrti Paula McCartneyho?,"McCartney měl vážné zdravotní problémy, které způsobily jeho smrt. Lékaři byli přesvědčeni, že McCartney zemřel na rakovinu plic, ale skutečná příčina jeho smrti byla stále nejasné. McCartney byl známý svou oddaností rockové hudbě a jeho smrt byla často spojována s jeho oddaností hudbě.",0-0-0,
Abbey Road (album),"Legenda o Paulovej smrti vznikla roku 12. októbra, 1969, keď neznámy hlas oznámil túto správu do vysielania v jednom rádiu v Michigane. Upozornil na určité indície v dialógoch na pozadí skladby „Revolution 9“ (The Beatles (The White Album)), ktoré túto skutočnosť naznačujú. Podľa zaručených správ na obale platne je odfotený Paulov dvojník, ktorý sa na neho podobá vzhľadom aj hlasom. Oblečenie Johna (biele ako farár) a Ringa  (predstaviteľ pohrebného ústavu) sa zdalo príliš oficiálnym, slávnostným, pohrebným a George so svojimi riflami a tričkom vzadu bol označovaný za hrobára.",Na čo upozornil neznámy hlas vo vysielaní ohľadom Paula McCartneyho ?,"{'text': ['Legenda o Paulovej smrti vznikla roku 12. októbra, 1969, keď neznámy hlas oznámil túto správu do vysielania v jednom rádiu v Michigane. Upozornil na určité indície v dialógoch na pozadí skladby „Revolution 9“ (The Beatles (The White Album)), ktoré túto skutočnosť naznačujú'], 'answer_start': [0]}",1,1,1,"Legenda o Paulovej smrti vznikla roku 12. októbra, 1969, keď neznámy hlas oznámil túto správu do vysielania v jednom rádiu v Michigane. Upozornil na určité indície v dialógoch na pozadí skladby „Revolution 9“ (The Beatles (The White Album)), ktoré túto skutočnosť naznačujú","Neznámy hlas upozornil na to, že McCartneyho čaká operácia srdca.",1-0-1,Na čo poukázal neznámy hlas v relácii ohľadom Paula McCartneyho?,McCartneyho smrť v roku 1980,1-0-1,Na čo upozornil nezámny hlas vo vysílaní ohladom Paula McCartneho ?,Na jeho homosexualitu.,1-0-1,Čo spomenul neznámy hlas počas vysielania o Paulovi McCartneym?,Chcem byť tvoj muž,1-0-1,Na čo upozornil unknown hlas vo vysielaní ohľadom Paula McCartneyho?,McCartneyho smrť v roku 1980.,1-0-1,
Abbey Road (album),"Legenda o Paulovej smrti vznikla roku 12. októbra, 1969, keď neznámy hlas oznámil túto správu do vysielania v jednom rádiu v Michigane. Upozornil na určité indície v dialógoch na pozadí skladby „Revolution 9“ (The Beatles (The White Album)), ktoré túto skutočnosť naznačujú. Podľa zaručených správ na obale platne je odfotený Paulov dvojník, ktorý sa na neho podobá vzhľadom aj hlasom. Oblečenie Johna (biele ako farár) a Ringa  (predstaviteľ pohrebného ústavu) sa zdalo príliš oficiálnym, slávnostným, pohrebným a George so svojimi riflami a tričkom vzadu bol označovaný za hrobára.",Kto mal byť vyfotený na obale platne Abbey Road ?,"{'text': ['Paulov dvojník'], 'answer_start': [326]}",1,1,1,Paulov dvojník,Beatles,1-1-1,Kto mal byť zachytený na obale albumu Abbey Road?,John Lennon,1-1-1,Kto mal biť vyfottený na obale platne Abbay Road ?,Ringo Starr.,1-1-1,Koho plánovali zobraziť na obale platne Abbey Road?,John Lennon,0-1-1,Kto mal byť vyfotený na coveri platne Abbey Road?,John Lennon,0-0-1,
Abbey Road (album),"V začiatkoch nahrávania mal album pracovný názov Everest podľa vtedy populárnej značky cigariet (fajčil ich aj technik Geoff Emerick). Na obale albumu mala byť snímka z Himalájí. Členovia skupiny sa však rozhodli, že názov bude Abbey Road. Ráno, 8. augusta, 1969, vyšli von zo štúdia. Fotograf, Iain MacMilan mal iba okolo 10 minút na to aby vyrobil snímku, ktorá bola neskôr použitá na dizajn obalu. Táto fotografia sa stala jednou z najslávnejších a najviac parodovaných fotografií na obale albumov v histórii populárnej hudby.",Koľko času mal fotograf na zhotovenie snímky pre album Abbey Road ?,"{'text': ['iba okolo 10 minút'], 'answer_start': [313]}",1,1,1,iba okolo 10 minút,Päťdesiat minút.,1-0-1,Koľko času mal fotograf na vytvorenie snímky pre album Abbey Road?,Päť dní.,1-0-1,Kolko času mal fotogaf na zhotovenie snímky pre albumm Abbey Road ?,Fotogaf mal na zhotovenie snímky pre albumm Abbey Road len pár hodín.,1-0-1,Aký časový limit mal fotograf na nafotenie snímky pre album Abbey Road?,Fotograf mal len päť minút na nafotenie snímky.,1-1-1,Koľko času mal photographer na zhotovenie snímky pre album Abbey Road?,Päť minút.,1-1-1,
Tomáš Baťa (1876),"V roku 1894 sa nechali Tomáš, brat Antonín a sestra Anna vyplatiť svojím otcom z rodinného podniku. Od svojej zosnulej matky dostali veno 800 zlatých, s ktorým si v Zlíne založili obuvnícku živnosť, ohlásenú na najstaršieho súrodenca Antonína Baťu ml. Podľa vtedajších noriem nebol totiž Tomáš ešte plnoletý. Pôvodne žiadali o povolenie obuvníckej živnosti v Uherskom Hradišti, kde im mesto zámer prevádzkovať živnosť na výrobu obuvi a vybudovať obuvnícky podnik, nepovolilo. V Zlíne však získali pre svoje podnikanie pochopenie a súhlas na začatie výroby obuvi. Tým mesto odobrilo, bez toho aby o tom radní dopredu vedeli, založenie základov budúceho obuvníckeho komplexu. Súrodenci Baťovci spočiatku vyrábali valašskú prešívanú obuv na symetrickom kopyte. Ide o rovnaký tvar kopytá pre ľavú i pravú nohu a pri jej výrobe využívali predovšetkým prácu domácich robotníkov. Zamestnávali okolo 10 robotníkov, ktorí museli pracovať fixnú pracovnú dobu, za ktorú dostávali pravidelnú týždennú mzdu. Tento spôsob riadenia podniku bol na tú dobu veľmi neobvyklý, ale aj veľmi priekopnícky.",Prečo si nemohol založiť Tomáš Baťa v Zlíne živnosť ale musela byť ohlásená na brata Antonína ?,"{'text': ['nebol totiž Tomáš ešte plnoletý'], 'answer_start': [276]}",0,1,1,nebol totiž Tomáš ešte plnoletý,Pretože živnosť bola povinná ohlásiť na brata.,1-1-1,"Prečo si nemohol Tomáš Baťa v Zlíne otvoriť živnosť sám, ale musela byť nahlásená na jeho brata Antonína?","Pretože živnosť bola povinná pre všetkých manželov, ktorí mali podnikať.",1-0-1,Prečo si nemohol založť Tomáš Baťa v Zlíňe živnosť ale musela byť ohlásená na brata Antonina ?,Pretože živnosť sa musela ohlásiť na brata Antonina.,1-1-1,Z akého dôvodu musela byť živnosť v Zlíne vedená na Antonína Baťu namiesto Tomáša?,"Živnostenský úrad v Zlíne musel zmeniť meno živnosti z Tomáša na Antonína Baťu, pretože jeho otec bol vlastníkom podniku.",1-0-1,"Prečo si nemohol Tomáš Baťa v Zlíne založiť business, ale musela byť ohlásená na brata Antonína?",Pretože jeho otec bol šľachtickým šľachticou a jeho brat bol obchodníkom.,1-0-1,
Tomáš Baťa (1876),"V roku 1894 sa nechali Tomáš, brat Antonín a sestra Anna vyplatiť svojím otcom z rodinného podniku. Od svojej zosnulej matky dostali veno 800 zlatých, s ktorým si v Zlíne založili obuvnícku živnosť, ohlásenú na najstaršieho súrodenca Antonína Baťu ml. Podľa vtedajších noriem nebol totiž Tomáš ešte plnoletý. Pôvodne žiadali o povolenie obuvníckej živnosti v Uherskom Hradišti, kde im mesto zámer prevádzkovať živnosť na výrobu obuvi a vybudovať obuvnícky podnik, nepovolilo. V Zlíne však získali pre svoje podnikanie pochopenie a súhlas na začatie výroby obuvi. Tým mesto odobrilo, bez toho aby o tom radní dopredu vedeli, založenie základov budúceho obuvníckeho komplexu. Súrodenci Baťovci spočiatku vyrábali valašskú prešívanú obuv na symetrickom kopyte. Ide o rovnaký tvar kopytá pre ľavú i pravú nohu a pri jej výrobe využívali predovšetkým prácu domácich robotníkov. Zamestnávali okolo 10 robotníkov, ktorí museli pracovať fixnú pracovnú dobu, za ktorú dostávali pravidelnú týždennú mzdu. Tento spôsob riadenia podniku bol na tú dobu veľmi neobvyklý, ale aj veľmi priekopnícky.",V akom meste pôvodne žiadali súrodenci Baťovci o povolenie prevádzkovať obuvnícku živnosť ?,"{'text': ['v Uherskom Hradišti'], 'answer_start': [357]}",1,1,1,v Uherskom Hradišti,V Prahe.,1-0-1,V ktorom meste pôvodne požiadali súrodenci Baťovci o súhlas na prevádzku obuvníckej živnosti?,V Prahe.,1-0-1,V akom messte pôvodne žiadali súrodenci Baťovci o povolenie prevádzkovať obuvnícku živnoť ?,V Prahe.,1-0-1,Kde chceli Baťovci spočiatku získať povolenie na obuvnícke podnikanie?,V Prahe.,1-0-1,V akom meste pôvodne žiadali siblings Baťovci o povolenie prevádzkovať obuvnícku živnosť?,V Prahe.,1-0-1,
Tomáš Baťa (1876),"V roku 1894 sa nechali Tomáš, brat Antonín a sestra Anna vyplatiť svojím otcom z rodinného podniku. Od svojej zosnulej matky dostali veno 800 zlatých, s ktorým si v Zlíne založili obuvnícku živnosť, ohlásenú na najstaršieho súrodenca Antonína Baťu ml. Podľa vtedajších noriem nebol totiž Tomáš ešte plnoletý. Pôvodne žiadali o povolenie obuvníckej živnosti v Uherskom Hradišti, kde im mesto zámer prevádzkovať živnosť na výrobu obuvi a vybudovať obuvnícky podnik, nepovolilo. V Zlíne však získali pre svoje podnikanie pochopenie a súhlas na začatie výroby obuvi. Tým mesto odobrilo, bez toho aby o tom radní dopredu vedeli, založenie základov budúceho obuvníckeho komplexu. Súrodenci Baťovci spočiatku vyrábali valašskú prešívanú obuv na symetrickom kopyte. Ide o rovnaký tvar kopytá pre ľavú i pravú nohu a pri jej výrobe využívali predovšetkým prácu domácich robotníkov. Zamestnávali okolo 10 robotníkov, ktorí museli pracovať fixnú pracovnú dobu, za ktorú dostávali pravidelnú týždennú mzdu. Tento spôsob riadenia podniku bol na tú dobu veľmi neobvyklý, ale aj veľmi priekopnícky.","Aké je to symetrické kopyto , na ktorom spočiatku súrodenci Baťovci vyrábali valašskú prešívanú obuv ?","{'text': ['Ide o rovnaký tvar kopytá pre ľavú i pravú nohu'], 'answer_start': [758]}",1,1,0,Ide o rovnaký tvar kopytá pre ľavú i pravú nohu,symetrické kopyto,1-0-1,"Aké je to rovnomerné kopyto, na ktorom najprv súrodenci Baťovci vyrábali valašskú šitú obuv?",Rovné kopyto,1-0-1,"Aké je to symetrikcé kopyto , na ktorom spočiatku súrodenci Baťovci vyrábali valašskú prešívanu obuv ?",štiepacie kopyto,1-0-1,"Čo je to za symetrické kopyto, ktoré spočiatku využívali Baťovci pri výrobe valašskej prešívanej obuvi?","Symetrické kopyto, ktoré spočiatku využívali Baťovci pri výrobe valašskej prešívanej obuvi, bolo známe ako ""Baťovské kopyto"". Toto kopyto bolo vyrobené z kombinácie kovu a dreva a bolo vyrobené z kombinácie kovu a dreva. Kovové kopyto bolo vyrobené z kombinácie kovu a dreva a bolo vyrobené z kombinácie kovu a dreva. Kovové kopyto bolo vyrob",1-1-1,"Aké je to symetrické kopyto, na ktorom spočiatku siblings Baťovci vyrábali valašskú prešívanú shoes?",symetrické kopyto,1-0-1,
Tomáš Baťa (1876),"12. júla 1932 Tomáš Baťa zahynul spolu so svojím pilotom Jindřichom Broučkom pri leteckej nehode, keď vo svojom lietadle Junkers F 13 letel do Švajčiarska, aby sa zúčastnil otvorenia novej pobočky v mestečku Möhlin na brehu Rýna. V tom čase, keď vrcholila veľká hospodárska kríza, mala firma Baťa pobočky už vo viac ako 60 štátoch. Vznik pobočiek v mnohých krajinách, napr. aj v Möhline, bol iniciovaný predovšetkým zvyšovaním dovozných ciel a ochranou miestnych trhov vládnou politikou. Napr. koncern Baťa v Möhline získal pozemky s výmerou 24 hektárov za veľkorysú ponuku 1 franku za meter štvorcový, čo svedčí o renomé českého priemyselníka. Celý priemyselný areál aj so službami a kolóniou domčekov bol dokončený v 50. rokoch a s výrobou topánok sa tu skončilo až v roku 1990.",Kedy sa ukončila výroba topánok v Mohline ?,"{'text': ['v roku 1990'], 'answer_start': [768]}",1,1,1,v roku 1990,Rok 1973,0-0-1,Kedy bola zastavená produkcia obuvi v Mohline?,V roku 2012,1-0-1,Kedy sa ukončla výroba topánok v Mohlyne ?,V roku 1989,1-1-1,V ktorom roku prestali vyrábať topánky v Mohline?,Rok 2009,0-0-1,Kedy sa ukončila výroba shoes v Mohline?,V roku 1968,1-0-1,
Tomáš Baťa (1876),"12. júla 1932 Tomáš Baťa zahynul spolu so svojím pilotom Jindřichom Broučkom pri leteckej nehode, keď vo svojom lietadle Junkers F 13 letel do Švajčiarska, aby sa zúčastnil otvorenia novej pobočky v mestečku Möhlin na brehu Rýna. V tom čase, keď vrcholila veľká hospodárska kríza, mala firma Baťa pobočky už vo viac ako 60 štátoch. Vznik pobočiek v mnohých krajinách, napr. aj v Möhline, bol iniciovaný predovšetkým zvyšovaním dovozných ciel a ochranou miestnych trhov vládnou politikou. Napr. koncern Baťa v Möhline získal pozemky s výmerou 24 hektárov za veľkorysú ponuku 1 franku za meter štvorcový, čo svedčí o renomé českého priemyselníka. Celý priemyselný areál aj so službami a kolóniou domčekov bol dokončený v 50. rokoch a s výrobou topánok sa tu skončilo až v roku 1990.",Kedy zahynul Tomáš Baťa ?,"{'text': ['12. júla 1932'], 'answer_start': [0]}",1,1,1,12. júla 1932,14. januára 1891,1-0-1,Kedy zomrel Tomáš Baťa?,Tomáš Baťa zomrel 13. januára 1891 v Prahe.,1-0-1,Kedy zahynnul Tomáš Baaťa ?,Tomáš Baaťa zahynul 14. augusta 1945 vo veku 23 rokov.,1-0-1,V ktorom roku prišiel o život Tomáš Baťa?,Tomáš Baťa zomrel v roku 1856.,1-0-1,Kedy Tomáš Baťa died?,Tomáš Baťa zomrel 13. januára 1891 v Prahe.,1-0-1,
Tomáš Baťa (1876),"12. júla 1932 Tomáš Baťa zahynul spolu so svojím pilotom Jindřichom Broučkom pri leteckej nehode, keď vo svojom lietadle Junkers F 13 letel do Švajčiarska, aby sa zúčastnil otvorenia novej pobočky v mestečku Möhlin na brehu Rýna. V tom čase, keď vrcholila veľká hospodárska kríza, mala firma Baťa pobočky už vo viac ako 60 štátoch. Vznik pobočiek v mnohých krajinách, napr. aj v Möhline, bol iniciovaný predovšetkým zvyšovaním dovozných ciel a ochranou miestnych trhov vládnou politikou. Napr. koncern Baťa v Möhline získal pozemky s výmerou 24 hektárov za veľkorysú ponuku 1 franku za meter štvorcový, čo svedčí o renomé českého priemyselníka. Celý priemyselný areál aj so službami a kolóniou domčekov bol dokončený v 50. rokoch a s výrobou topánok sa tu skončilo až v roku 1990.",Ako zahynul Tomáš Baťa ?,"{'text': ['zahynul spolu so svojím pilotom Jindřichom Broučkom pri leteckej nehode'], 'answer_start': [25]}",1,1,1,zahynul spolu so svojím pilotom Jindřichom Broučkom pri leteckej nehode,Vyhral Nobelovu cenu za chémiu.,1-0-1,Akým spôsobom zomrel Tomáš Baťa?,Tomáš Baťa zomrel v roku 1856 na zápal pľúc v dôsledku abscesov v pľúcach.,1-0-1,Ako zahynnul Tomáš Baťaa ?,Vyhral Nobelovu cenu za literatúru.,1-0-1,Čo bolo príčinou smrti Tomáša Baťu?,Jeho smrť bola vyhlásená za samovraždu.,1-0-1,Ako died Tomáš Baťa ?,Tomáš Baťa zomrel v roku 1856 na zápal pľúc v nemocnici v Banskej Bystrici.,1-0-1,
Tomáš Baťa (1876),"12. júla 1932 Tomáš Baťa zahynul spolu so svojím pilotom Jindřichom Broučkom pri leteckej nehode, keď vo svojom lietadle Junkers F 13 letel do Švajčiarska, aby sa zúčastnil otvorenia novej pobočky v mestečku Möhlin na brehu Rýna. V tom čase, keď vrcholila veľká hospodárska kríza, mala firma Baťa pobočky už vo viac ako 60 štátoch. Vznik pobočiek v mnohých krajinách, napr. aj v Möhline, bol iniciovaný predovšetkým zvyšovaním dovozných ciel a ochranou miestnych trhov vládnou politikou. Napr. koncern Baťa v Möhline získal pozemky s výmerou 24 hektárov za veľkorysú ponuku 1 franku za meter štvorcový, čo svedčí o renomé českého priemyselníka. Celý priemyselný areál aj so službami a kolóniou domčekov bol dokončený v 50. rokoch a s výrobou topánok sa tu skončilo až v roku 1990.",Kam letel Tomáš Baťa v čase svojej nehody ?,"{'text': ['letel do Švajčiarska'], 'answer_start': [134]}",1,1,1,letel do Švajčiarska,Z Brna do Prahy.,1-0-1,Do akého mesta smeroval Tomáš Baťa počas svojej nehody?,Praha,0-0-1,Kam letel Tomáš Baťa v čase svojej nehodyy ?,Z Prahy do Brna.,1-0-1,"Aká bola cieľová destinácia Tomáša Baťu, keď došlo k nehode?",Praha,1-0-1,Kam letel Tomáš Baťa during svojej nehody?,Praha,0-0-1,
Tomáš Baťa (1876),"12. júla 1932 Tomáš Baťa zahynul spolu so svojím pilotom Jindřichom Broučkom pri leteckej nehode, keď vo svojom lietadle Junkers F 13 letel do Švajčiarska, aby sa zúčastnil otvorenia novej pobočky v mestečku Möhlin na brehu Rýna. V tom čase, keď vrcholila veľká hospodárska kríza, mala firma Baťa pobočky už vo viac ako 60 štátoch. Vznik pobočiek v mnohých krajinách, napr. aj v Möhline, bol iniciovaný predovšetkým zvyšovaním dovozných ciel a ochranou miestnych trhov vládnou politikou. Napr. koncern Baťa v Möhline získal pozemky s výmerou 24 hektárov za veľkorysú ponuku 1 franku za meter štvorcový, čo svedčí o renomé českého priemyselníka. Celý priemyselný areál aj so službami a kolóniou domčekov bol dokončený v 50. rokoch a s výrobou topánok sa tu skončilo až v roku 1990.",V koľkých štátoch mala firma Baťa svoje pobočky v čase hospodárskej krízy ?,"{'text': ['vo viac ako 60 štátoch'], 'answer_start': [308]}",1,1,1,vo viac ako 60 štátoch,V 10 štátoch.,1-0-1,V koľkých krajinách mala spoločnosť Baťa svoje zastúpenie počas hospodárskej krízy?,V 40 krajinách.,1-0-1,V kol'kých štátoch mala firma Baaťa svoje poboocky v čase hospodárskej krízy ?,V 50 štátoch.,1-0-1,Do koľkých štátov siahala sieť pobočiek firmy Baťa počas hospodárskej krízy?,Do štyroch štátov.,1-0-1,V koľkých countries mala firma Baťa svoje pobočky v čase hospodárskej krízy?,V 46,1-0-1,
Tomáš Baťa (1876),"V rokoch 1926-1928 vzrástol export obuvi a firma Baťa ovládala viac ako polovicu československého vývozu. Vo firme došlo k zavedeniu pásovej výroby, ktorá bola používaná v závodoch Henryho Forda. Produktivita práce vzrástla o 75% a počet zamestnancov o 35%, čistý obrat firmy predstavoval 1,9 miliardy predvojnových korún. Koncom roku 1928 tvorila továreň komplex 30 budov, koncern sa ďalej rozrastal a Baťa podnikal v ďalších sférach hospodárstva (gumárenský, chemický, textilný, drevársky priemysel a mnohé ďalšie). Baťa v roku 1931 vyrábal v Zlíne, Otrokoviciach, Třebíči, Bošanoch a Nových Zámkoch. V roku 1931 sa rodinný podnik zmenil na akciovú spoločnosť so základným imaním 135 mil. korún. Už dlho predtým vznikali dcérske spoločnosti po celom svete, k tomu pribúdali továrne v Nemecku, Anglicku, Holandsku, Poľsku a mnohých ďalších krajinách. Vytvoril celý rad výchovných aj vzdelávacích organizácií (Baťova škola práce), v Zlíne vzniklo vlastné filmové štúdio, ktoré sa zaoberalo natáčaním reklám na obuvnícke výrobky. Neskôr sa zo štúdia stali známe Filmové ateliéry Kudlov.",V akom ďalšom priemysle podnikal neskôr Baťa ?,"{'text': ['a Baťa podnikal v ďalších sférach hospodárstva (gumárenský, chemický, textilný, drevársky priemysel a mnohé ďalšie)'], 'answer_start': [401]}",1,1,1,"a Baťa podnikal v ďalších sférach hospodárstva (gumárenský, chemický, textilný, drevársky priemysel a mnohé ďalšie)",V textilnom priemysle.,1-1-1,V ktorom inom odvetví priemyslu pôsobil neskôr Baťa?,V roku 1895 založil Baťa v Prahe Baťovu textilnú továreň.,1-0-1,V akom ďaľšom priemisle podnikal neskor Baťa ?,V textilnom priemyslu.,1-1-1,Do akého ďalšieho priemyselného sektora sa Baťa neskôr pustil?,V roku 1925 sa Baťa pustil do výroby obuvi.,1-0-1,V akom ďalšom industry podnikal neskôr Baťa?,V roku 1992 sa Baťa stala popredným výrobcom obuvi a v roku 1996 sa stala súčasťou skupiny Baťa.,1-0-1,
Tomáš Baťa (1876),"V rokoch 1926-1928 vzrástol export obuvi a firma Baťa ovládala viac ako polovicu československého vývozu. Vo firme došlo k zavedeniu pásovej výroby, ktorá bola používaná v závodoch Henryho Forda. Produktivita práce vzrástla o 75% a počet zamestnancov o 35%, čistý obrat firmy predstavoval 1,9 miliardy predvojnových korún. Koncom roku 1928 tvorila továreň komplex 30 budov, koncern sa ďalej rozrastal a Baťa podnikal v ďalších sférach hospodárstva (gumárenský, chemický, textilný, drevársky priemysel a mnohé ďalšie). Baťa v roku 1931 vyrábal v Zlíne, Otrokoviciach, Třebíči, Bošanoch a Nových Zámkoch. V roku 1931 sa rodinný podnik zmenil na akciovú spoločnosť so základným imaním 135 mil. korún. Už dlho predtým vznikali dcérske spoločnosti po celom svete, k tomu pribúdali továrne v Nemecku, Anglicku, Holandsku, Poľsku a mnohých ďalších krajinách. Vytvoril celý rad výchovných aj vzdelávacích organizácií (Baťova škola práce), v Zlíne vzniklo vlastné filmové štúdio, ktoré sa zaoberalo natáčaním reklám na obuvnícke výrobky. Neskôr sa zo štúdia stali známe Filmové ateliéry Kudlov.",Ako vzrástla efektivita práce vo firme Baťa po zavedení pásovej výroby ?,"{'text': ['Produktivita práce vzrástla o 75%'], 'answer_start': [196]}",1,1,1,Produktivita práce vzrástla o 75%,"Po zavedení pásovej výroby vzrástla efektivita práce vo firme Baťa tým, že sa zvýšila produktivita práce. Pásová výroba umožnila rýchlejšie a presnejšie spracovanie tovaru, čo viedlo k zníženiu nákladov a zvýšeniu kvality výrobkov.",1-1-1,Ako sa zvýšila produktivita práce vo firme Baťa po spustení pásovej výroby?,"Po spustení pásovej výroby sa produktivita práce vo firme Baťa zvýšila o 30%. To bolo dosiahnuté zvýšením rýchlosti výroby, zlepšenou kvalitou výrobkov a znížením nákladov na výrobu.",1-0-1,Ako vzrátla efektivita práace vo firme Baťa po zavedení pásovej výrobi ?,Po zavedení pásovej výroby vzrátla efektivita práace vo firme Baťa o 25%.,1-0-1,Aký vplyv malo zavedenie pásovej výroby na pracovnú efektivitu vo firme Baťa?,Zavedenie pásovej výroby pomohlo zefektívniť výrobný proces a zvýšiť produktivitu.,1-0-1,Ako vzrástla work efektivita vo firme Baťa po zavedení pásovej výroby?,"Po zavedení pásovej výroby v roku 1948 sa výrazne zvýšila work efektivita v obuvníckej výrobe. Počas pásovej výroby sa vyrobilo viac kusov obuvi za menej ako hodinu, čo viedlo k zníženiu nákladov na výrobu a zvýšeniu produktivity.",1-1-0,
Niób,"Halogenidy nióbu sú známe v oxidačných stupňoch +3 až +5, pričom najstabilnejšie sú opäť v oxidačnom stupni +5. V plynnom stave sú chlorid niobičný, fluorid niobičnýa bromid niobičný monoméry, v tuhom stave tvoria diméry Nb2X10. S vodou hydrolyzujú za vzniku oxid-trihalogenidov, prípadne dioxid-halogenidov:
 NbCl5 + H2O → NbOCl3 + 2 HCl
Halogenidy niobičité NbX4 sa dajú pripraviť reakciou príslušného halogenidu niobičného (NbX5) s nióbom pri zvšenej teplote:
 4 NbCl5 + Nb → 5 NbCl4
Z ostatných zlúčenín nióbu stoja za zmienku aj nestechometrický karbid nióbu, ktorý je mimoriadne tvrdý, nitrid niobitý (NbN), používaný ako detektor infračerveného žiarenia, ako aj intermetalické zlúčeniny a zliatiny s germániom, cínom a titánom, používané ako supravodiče.",V akých oxidačných stupňoch sa vyskytujú halogenidy nióbu ?,"{'text': ['stupňoch +3 až +5'], 'answer_start': [39]}",1,1,1,stupňoch +3 až +5,2,1-0-1,V akých oxidačných stavoch sa objavujú halogenidy nióbu?,Halogénidy nióbu sa vyskytujú vo forme iónových zlúčenín s oxidačným stavom +2 alebo +3.,1-0-1,V akých oxidačnch stupňoch sa vyskytujjú halogenidy nióbu ?,-NH3,1-0-1,V ktorých oxidačných stavoch sa bežne nachádzajú halogenidy nióbu?,Halogénové nióbové soli sa bežne nachádzajú vo vodnom a kyslom stave. Vodný stav je najbežnejší a je zodpovedný za štruktúru a vlastnosti nióbových solí. Kyslý stav je najbežnejší a je zodpovedný za štruktúru a vlastnosti nióbových solí. Halogénové nióbové soli sa bežne nachádzajú vo vodnom a kyslom stave. Vodný stav je najbežnejší a je zodpovedný za štruktúru a vlastnosti nióbových solí. Kyslý stav je naj,1-0-1,V akých oxidation states sa vyskytujú halogenidy nióbu?,"Halogénové nióbové soli sa vyskytujú vo forme iónových zlúčenín s oxidačným stavom +2 alebo -3. Tieto zlúčeniny sú známe ako nióbové halogenidy a sú známe svojou schopnosťou udržiavať nízke teploty a nízke rýchlosti tepelnej reakcie. Halogénové nióbové soli sú známe svojou schopnosťou udržiavať nízke teploty a nízke rýchlosti tepelnej reakcie, čo ich robí obzvlášť užit",1-0-1,
Niób,"Halogenidy nióbu sú známe v oxidačných stupňoch +3 až +5, pričom najstabilnejšie sú opäť v oxidačnom stupni +5. V plynnom stave sú chlorid niobičný, fluorid niobičnýa bromid niobičný monoméry, v tuhom stave tvoria diméry Nb2X10. S vodou hydrolyzujú za vzniku oxid-trihalogenidov, prípadne dioxid-halogenidov:
 NbCl5 + H2O → NbOCl3 + 2 HCl
Halogenidy niobičité NbX4 sa dajú pripraviť reakciou príslušného halogenidu niobičného (NbX5) s nióbom pri zvšenej teplote:
 4 NbCl5 + Nb → 5 NbCl4
Z ostatných zlúčenín nióbu stoja za zmienku aj nestechometrický karbid nióbu, ktorý je mimoriadne tvrdý, nitrid niobitý (NbN), používaný ako detektor infračerveného žiarenia, ako aj intermetalické zlúčeniny a zliatiny s germániom, cínom a titánom, používané ako supravodiče.",Ako reagujú halogenidy nióbu s vodou ?,"{'text': ['hydrolyzujú za vzniku oxid-trihalogenidov, prípadne dioxid-halogenidov'], 'answer_start': [237]}",1,1,1,"hydrolyzujú za vzniku oxid-trihalogenidov, prípadne dioxid-halogenidov",Reagujú s nízkou teplotou a tvorí sa ión nióbu (NO).,1-0-1,Akým spôsobom reagujú halogenidy nióbu s vodou?,"Halogénidy nióbu reagujú s vodou formou iónovej reakcie, ktorá spôsobuje, že sa vytvorí ión nióbu a ión vodíka. Táto reakcia je známa ako reakcia NiO/H.",1-0-1,Ako reaguu halogenidy nióbu s voddou ?,Reagujú s nízkou teplotou a tvorí sa ión nióbu (NO).,1-0-1,Aká je reakcia halogenidov nióbu pri kontakte s vodou?,Nióbový halogenid reaguje s vodou na ióny nióbu a vodíka. Táto reakcia je známa ako reakcia Nióbu-Vodná (NiO-H2O). Iony nióbu a vodíka sú ľahko rozpustné vo vode a môžu byť ľahko absorbované a absorbované ľudským telom. Táto reakcia je dôležitou zložkou mnohých liečebných postupov a je dôležitou súčasťou mnohých liečebných postupov,1-0-1,Ako reagujú halogenidy nióbu s water?,"Halogénové nióbové soli reagujú s vodou na níóbové soli a vodný roztok. Reakcia sa nazýva reakcia iónovej väzby. Reakcia iónovej väzby je reakcia medzi iónmi a vodíkom. Reakcia iónovej väzby sa vyskytuje, keď ióny reagujú s vodíkom a vytvárajú iónovú väzbu. Reakcia iónovej väzby je reakcia medzi iónmi a vodíkom, ktorá sa vy",1-0-1,
Niób,"Halogenidy nióbu sú známe v oxidačných stupňoch +3 až +5, pričom najstabilnejšie sú opäť v oxidačnom stupni +5. V plynnom stave sú chlorid niobičný, fluorid niobičnýa bromid niobičný monoméry, v tuhom stave tvoria diméry Nb2X10. S vodou hydrolyzujú za vzniku oxid-trihalogenidov, prípadne dioxid-halogenidov:
 NbCl5 + H2O → NbOCl3 + 2 HCl
Halogenidy niobičité NbX4 sa dajú pripraviť reakciou príslušného halogenidu niobičného (NbX5) s nióbom pri zvšenej teplote:
 4 NbCl5 + Nb → 5 NbCl4
Z ostatných zlúčenín nióbu stoja za zmienku aj nestechometrický karbid nióbu, ktorý je mimoriadne tvrdý, nitrid niobitý (NbN), používaný ako detektor infračerveného žiarenia, ako aj intermetalické zlúčeniny a zliatiny s germániom, cínom a titánom, používané ako supravodiče.",Ako sa dajú pripraviť halogenidy niobičité ?,"{'text': ['reakciou príslušného halogenidu niobičného (NbX5) s nióbom pri zvšenej teplote'], 'answer_start': [383]}",1,1,1,reakciou príslušného halogenidu niobičného (NbX5) s nióbom pri zvšenej teplote,Výroba halogenidov niobičitých sa dá vykonať rôznymi metódami. Niektoré z najbežnejších metód zahŕňajú: - Získanie iónového iónu niobu (NiO) z iónového iónu ortuti (PbO) - Získanie iónového iónu niobu (NiO) z iónového iónu ortuti (PbO) - Získanie iónového iónu niobu (NiO) z iónového iónu ortuti (,1-0-1,Akými metódami možno pripraviť niobičité halogenidy?,"Výroba niobičitých halogenidov je zložité a časovo náročné úlohy, ktoré zahŕňajú kombináciu rôznych metód a postupov. Tu je niekoľko spôsobov, ako vyrobiť niobičité halogenidy: Prvá. Získanie niobičitých halogenidov: Existuje niekoľko spôsobov, ako vyrobiť niobičité halogenidy, vrátane: - Získanie niobičitých halogenidov z ropy alebo iných surovín",1-0-1,Ako sa dajú priraviť halogenidy niobičité ?,Pri reakcii s kyslíkom sa halogenidy niobičité priravujú na ióny niobu (NO).,1-0-1,Akým spôsobom sa pripravujú halogenidy s niobičitým charakterom?,"Výroba halogenidov s niobičitým charakterom je ťažká a vyžaduje veľa fyzikálnych a chemických procesov. Tu je niekoľko spôsobov, ako sa môžu tieto halogenidy pripraviť: Prvá. Získanie iónových väzieb: Ionové väzby sú väzby medzi dvoma alebo viacerými iónmi. Tieto väzby sa môžu pripraviť rôznymi spôsobmi, ako napríklad iónovým väzbám, ktoré sa môžu priprav",1-0-1,Ako sa dajú pripraviť halogenidy niobičité?,"Výroba halogenidov niobičité je zložité a časovo náročné úloha, ktorá vyžaduje kombináciu rôznych metód a zdrojov. Tu je niekoľko spôsobov, ako sa dajú pripraviť halogenidy niobičité: Prvá. Zmiešanie: Zmes rôznych látok, ako sú ióny niobu, ióny ortuti a ióny hliníka, sa môže zmiešať s vodou a vytvoriť ióny niobu. Tieto",1-0-1,
Niób,"Halogenidy nióbu sú známe v oxidačných stupňoch +3 až +5, pričom najstabilnejšie sú opäť v oxidačnom stupni +5. V plynnom stave sú chlorid niobičný, fluorid niobičnýa bromid niobičný monoméry, v tuhom stave tvoria diméry Nb2X10. S vodou hydrolyzujú za vzniku oxid-trihalogenidov, prípadne dioxid-halogenidov:
 NbCl5 + H2O → NbOCl3 + 2 HCl
Halogenidy niobičité NbX4 sa dajú pripraviť reakciou príslušného halogenidu niobičného (NbX5) s nióbom pri zvšenej teplote:
 4 NbCl5 + Nb → 5 NbCl4
Z ostatných zlúčenín nióbu stoja za zmienku aj nestechometrický karbid nióbu, ktorý je mimoriadne tvrdý, nitrid niobitý (NbN), používaný ako detektor infračerveného žiarenia, ako aj intermetalické zlúčeniny a zliatiny s germániom, cínom a titánom, používané ako supravodiče.",V ktorom oxidačnom stupni sú halogenidy nióbu najstabilnejšie ?,"{'text': ['+5'], 'answer_start': [108]}",1,1,1,5,Ni(OH) 2,1-0-1,V ktorom oxidačnom čísle sú halogenidy nióbu najstabilnejšie?,"Najstabilnejším halogenídom nióbu je nióbový halogenid (NiH). Tento halogenid má oxidačný číslo +2 a je veľmi stabilný. Je to preto, že niób je veľmi stabilný a ľahko sa rozkladá. Je to tiež veľmi stabilný a ľahko sa rozkladá. Je to tiež veľmi stabilný a ľahko sa rozkladá. Je to tiež veľmi stabilný a ľahko sa rozkladá. Je to tiež veľmi stabilný a ľah",0-0-1,V ktorom oxidačnom stupni sú halogenidy nióbu najstabilnejšiie ?,Najstabilnejším oxidačným stavom halogenidov nióbu je -NH3.,1-0-1,Ktorý oxidačný stav nióbu je pre halogenidy najstabilnejší?,"Najstabilnejším oxidačným stavom nióbu je nítritý (NO). Tento stav je najstabilnejší a je ľahko dostupný. Je to preto, že nítritý je ľahko dostupný a je stabilný oxidačný stav. Je tiež veľmi stabilný oxidačný stav, pretože je ľahko dostupný a je stabilný oxidačný stav. Je to preto, že nítritý je ľahko dostupný a je stabilný oxidačný stav. Je tiež veľmi stabilný oxidačný stav, pretože",1-0-1,V ktorom oxidation number sú halogenidy nióbu najstabilnejšie?,"Najstabilnejším halogenídom nióbu je nióbový halogenid (NiH). Tento halogenid má oxidačný číslo +2 a je veľmi stabilný. Je to preto, že niób je veľmi stabilný a ľahko sa rozkladá v prítomnosti kyslíka. NiH je tiež veľmi stabilný a ľahko sa rozkladá v prítomnosti kyslíka. Je to preto, že niób je veľmi stabilný a ľahko sa rozkladá v prítomnosti kyslíka. Je to tiež veľmi stabil",1-0-1,
Niób,"Halogenidy nióbu sú známe v oxidačných stupňoch +3 až +5, pričom najstabilnejšie sú opäť v oxidačnom stupni +5. V plynnom stave sú chlorid niobičný, fluorid niobičnýa bromid niobičný monoméry, v tuhom stave tvoria diméry Nb2X10. S vodou hydrolyzujú za vzniku oxid-trihalogenidov, prípadne dioxid-halogenidov:
 NbCl5 + H2O → NbOCl3 + 2 HCl
Halogenidy niobičité NbX4 sa dajú pripraviť reakciou príslušného halogenidu niobičného (NbX5) s nióbom pri zvšenej teplote:
 4 NbCl5 + Nb → 5 NbCl4
Z ostatných zlúčenín nióbu stoja za zmienku aj nestechometrický karbid nióbu, ktorý je mimoriadne tvrdý, nitrid niobitý (NbN), používaný ako detektor infračerveného žiarenia, ako aj intermetalické zlúčeniny a zliatiny s germániom, cínom a titánom, používané ako supravodiče.",Na čo sa používa nitrid niobitý ?,"{'text': ['ako detektor infračerveného žiarenia'], 'answer_start': [624]}",1,1,1,ako detektor infračerveného žiarenia,Nitrid niobitý sa používa na výrobu hnojív.,1-0-1,Na aký účel sa využíva nitrid niobitý?,Nitrid niobitý sa používa na výrobu hnojív a iných prípravkov na ochranu rastlín.,1-0-1,Na čo sa použiva nitrrid niobitý ?,Nitrid niobitý sa pouziva na hnojenie a dezinfekciu pôdy.,1-0-1,Na čo konkrétne slúži nitrid niobitý?,"Nitrid niobitý je iónový kov, ktorý sa používa na výrobu niobitu, ktorý je špecifický pre určité typy jadrových buniek. Nitrid niobitý sa používa na výrobu niobitu, ktorý je špecifický pre určité typy jadrových buniek. Nitrid niobitý sa používa na výrobu niobitu, ktorý je špecifický pre určité typy jadrových buniek. Nitrid niobitý sa používa na výrobu niobitu, ktor",0-0-1,Na čo sa používa niobium nitride?,"Niobium nitride je kov, ktorý sa používa v mnohých aplikáciách, vrátane: - Elektronické komponenty: Niobium nitride sa používa v elektronických komponentoch, ako sú tranzistory, kondenzátory a kondenzátory. Používa sa tiež v rôznych aplikáciách, ako sú jadrové reaktory, jadrové zariadenia a jadrové reaktory. - Výroba hliníka: Niobium nitride sa používa v hliníkových konštrukciách, ako sú jadr",1-0-1,
Niób,"Niób je prechodný prvok, chemicky veľmi podobný tantalu (príčinou podobnosti je lantanoidová kontrakcia), ktorý sa nachádza v piatej skupine periodickej sústavy prvkov. Na valenčnej vrstve má päť elektrónov (5s1 4d4), v zlúčeninách sa vyskytuje v oxidačných stupňoch od -1 do +5, pričom +5 dominuje. Prevládajúcim typom väzby v zlúčeninách nióbu sú kovalentné väzby, iónový charakter sa zvyšuje s klesajúcim oxidačným číslom. Niób sa ľahko pasivuje, v kompaktnom stave je odolný voči korózii aj za tepla až do 400 °C. Je odolný voči pôsobeniu viacerých kyselín, pričom priamo naňho pôsobí len kyselina fluorovodíková. Je odolný proti niektorým roztaveným kovom (lítium, sodík, draslík).",Ktorému prvku je chemicky podobný niób ?,"{'text': ['tantalu'], 'answer_start': [48]}",1,1,1,tantalu,Bóh,0-0-0,S ktorým chemickým prvkom má niób podobné vlastnosti?,Bóh,0-0-0,Ktorému prvkuu je chemicky podobný niób ?,Bóh,0-0-0,S akým prvkom má niób podobné chemické vlastnosti?,Bóh,0-0-0,Ktorému elementu je chemicky podobný niób?,"Organický niób je chemicky podobný kyslíku. Je to prvok s číslom atómu 79 a je tiež známy ako ""biely kyslík"". Je to ľahký, ľahko rozpustný kov, ktorý sa používa v mnohých aplikáciách, vrátane výroby hliníkových a plastových výrobkov, ako aj v oblasti medicíny. Organický niób je tiež známy ako ""biely kyslík"", pretože je to prvok s číslom atómu 79 a je tie",1-0-1,
Niób,"Niób je prechodný prvok, chemicky veľmi podobný tantalu (príčinou podobnosti je lantanoidová kontrakcia), ktorý sa nachádza v piatej skupine periodickej sústavy prvkov. Na valenčnej vrstve má päť elektrónov (5s1 4d4), v zlúčeninách sa vyskytuje v oxidačných stupňoch od -1 do +5, pričom +5 dominuje. Prevládajúcim typom väzby v zlúčeninách nióbu sú kovalentné väzby, iónový charakter sa zvyšuje s klesajúcim oxidačným číslom. Niób sa ľahko pasivuje, v kompaktnom stave je odolný voči korózii aj za tepla až do 400 °C. Je odolný voči pôsobeniu viacerých kyselín, pričom priamo naňho pôsobí len kyselina fluorovodíková. Je odolný proti niektorým roztaveným kovom (lítium, sodík, draslík).",Koľko elektrónov má niób na valenčnej vrstve ?,"{'text': ['päť elektrónov (5s1 4d4)'], 'answer_start': [192]}",1,1,1,päť elektrónov (5s1 4d4),7,1-0-1,Koľko valenčných elektrónov má niób?,Niób má jeden valenčný elektrón.,1-0-1,Koľko elektrónov má niób na valenčnej vrstvee ?,7,1-0-1,Koľko elektrónov má niób vo svojej vonkajšej vrstve?,Niób má vo svojej vonkajšej vrstve 7 elektrónov.,1-0-1,Koľko electrons má niób na valenčnej vrstve?,Niób má na valenčnej vrstve 7 elektronov.,0-0-0,
Niób,"Niób je prechodný prvok, chemicky veľmi podobný tantalu (príčinou podobnosti je lantanoidová kontrakcia), ktorý sa nachádza v piatej skupine periodickej sústavy prvkov. Na valenčnej vrstve má päť elektrónov (5s1 4d4), v zlúčeninách sa vyskytuje v oxidačných stupňoch od -1 do +5, pričom +5 dominuje. Prevládajúcim typom väzby v zlúčeninách nióbu sú kovalentné väzby, iónový charakter sa zvyšuje s klesajúcim oxidačným číslom. Niób sa ľahko pasivuje, v kompaktnom stave je odolný voči korózii aj za tepla až do 400 °C. Je odolný voči pôsobeniu viacerých kyselín, pričom priamo naňho pôsobí len kyselina fluorovodíková. Je odolný proti niektorým roztaveným kovom (lítium, sodík, draslík).",V akých oxidačných stupňoch sa vyskytuje niób v zlúčeninách ?,"{'text': ['od -1 do +5'], 'answer_start': [267]}",1,1,1,od -1 do +5,"V zlúčeninách sa niób vyskytuje vo forme iónových zlúčenín a tiež vo forme aniónových zlúčenín. Ionové zlúčeniny sú zlúčeniny, ktoré obsahujú ióny nióbu a môžu byť rôznych oxidačných stupňov. Aniónové zlúčeniny sú zlúčeniny, ktoré obsahujú ióny nióbu a môžu byť rôznych oxidačných stupňov. Napríklad iónové zlúčeniny nióbu",1-0-1,V akých oxidačných číslach sa v zlúčeninách vyskytuje niób?,Niób sa vyskytuje vo všetkých oxidačných číslach okrem -1.,1-0-1,V akých oxidačných stupňoch sa vyskkytuje niób v zlúčeninách ?,Niób sa vyskytuje vo forme iónov a atómov.,1-0-1,V ktorých oxidačných číslach sa niób objavuje v chemických zlúčeninách?,V chemických zlúčeninách sa niób objavuje v oxidačných číslach +2 a +3.,1-0-1,V akých oxidation states sa vyskytuje niób v zlúčeninách?,"V zlúčeninách sa niób vyskytuje vo forme iónov alebo aniónov. Ioni sú ľahko dostupné a môžu byť ľahko odstránené z zlúčenín. Anióny sú ľahko dostupné a môžu byť ľahko odstránené z zlúčenín. Niób je tiež ľahko dostupný vo forme iónových zlúčenín, ktoré sú ľahko dostupné a môžu byť ľahko odstránené z z",1-0-1,
Niób,"Niób je prechodný prvok, chemicky veľmi podobný tantalu (príčinou podobnosti je lantanoidová kontrakcia), ktorý sa nachádza v piatej skupine periodickej sústavy prvkov. Na valenčnej vrstve má päť elektrónov (5s1 4d4), v zlúčeninách sa vyskytuje v oxidačných stupňoch od -1 do +5, pričom +5 dominuje. Prevládajúcim typom väzby v zlúčeninách nióbu sú kovalentné väzby, iónový charakter sa zvyšuje s klesajúcim oxidačným číslom. Niób sa ľahko pasivuje, v kompaktnom stave je odolný voči korózii aj za tepla až do 400 °C. Je odolný voči pôsobeniu viacerých kyselín, pričom priamo naňho pôsobí len kyselina fluorovodíková. Je odolný proti niektorým roztaveným kovom (lítium, sodík, draslík).",Aký je prevládajúci typ väzby nióbu v zlúčeninách ?,"{'text': ['kovalentné väzby'], 'answer_start': [349]}",1,1,1,kovalentné väzby,Prevládajúcim typom väzby nióbu v zlúčeninách je väzba s kovalentným spojením.,1-1-1,Aký typ väzby najčastejšie vytvára niób v zlúčeninách?,"Niób je najčastejšie prítomný vo vodíkových spojivách, kde tvorí kovalentnú väzbu. Kovalentná väzba je väzba, pri ktorej sa dva atómy spoja prostredníctvom iónovej väzby. Napríklad vo vodíkových spojivách je niób prítomný vo vodíkovej väzbe H2O, ktorá tvorí kovalentnú väzbu.",1-1-1,Aký je prevládajúci typ väzby nióbu v zlúčeninach ?,V zlúčeninach nióbu je prevládajúcim typom väzby kovalentná väzba.,1-1-1,Aký druh chemickej väzby vytvára niób najčastejšie vo svojich zlúčeninách?,"Chemická väzba, ktorú niób vytvára vo svojich zlúčeninách, je väzba ión-ión. Táto väzba je typickou pre niób, ktorý je súčasťou mnohých zlúčenín, vrátane iónových väzieb, iónových väzieb a iónových väzieb. Chemická väzba ión-ión je typickou pre niób, ktorý je súčasťou mnohých zlúčenín, vrátane iónových väzieb, iónových väz",1-0-1,Aký je prevailing type väzby nióbu v compounds?,"Väzba nióbu v compoundoch je zvyčajne kovalentná väzba. Kovalentná väzba je väzba, pri ktorej sa nióbový atom viaže na iný atom nióbu. Napríklad v kombinácii s kyselinou octovou a kyselinou benzoovou sa vytvorí väzba nióbu-nióbu. Kovalentná väzba je najbežnejšia väzba v compoundoch nióbu, pretože je najľahšie udržiavať a môže sa ľahko o",1-1-1,
Niób,"Niób je prechodný prvok, chemicky veľmi podobný tantalu (príčinou podobnosti je lantanoidová kontrakcia), ktorý sa nachádza v piatej skupine periodickej sústavy prvkov. Na valenčnej vrstve má päť elektrónov (5s1 4d4), v zlúčeninách sa vyskytuje v oxidačných stupňoch od -1 do +5, pričom +5 dominuje. Prevládajúcim typom väzby v zlúčeninách nióbu sú kovalentné väzby, iónový charakter sa zvyšuje s klesajúcim oxidačným číslom. Niób sa ľahko pasivuje, v kompaktnom stave je odolný voči korózii aj za tepla až do 400 °C. Je odolný voči pôsobeniu viacerých kyselín, pričom priamo naňho pôsobí len kyselina fluorovodíková. Je odolný proti niektorým roztaveným kovom (lítium, sodík, draslík).",Ktorá kyselina ako jediná pôsobí priamo na niób ?,"{'text': ['kyselina fluorovodíková'], 'answer_start': [593]}",1,1,1,kyselina fluorovodíková,Kyselina chlorovodíková.,1-0-1,Ktorá kyselina ako jediná priamo reaguje s nióbom?,Kyselina chlorovodíková.,1-0-1,Ktorá kyselinaa ako jediná pôsobi priamo na niób ?,Kyselina chlorovodíková.,1-0-1,Ktorá z kyselín dokáže ako jediná priamo reagovať s nióbom?,Kyselina nítridová.,1-0-1,Ktorá acid ako jediná pôsobí priamo na niób?,Kyselina chlorovodíková.,1-0-1,
Liverpool FC,"V roku 1923 a 1924 klub prvýkrát získal dva ligové tituly za sebou, vedený anglickým obrancom Ephraimom Longworthom. Potom ale prišiel ústup a klub musel pretrpieť najdlhšiu sériu v histórii klubu bez získania ligového titulu. Čakanie na neho bolo ukončené až v roku 1947. V roku 1954 Liverpool zostúpil do Second Division. V decembri 1959 sa klubovým manažérom stal legendárny Bill Shankly, ktorý počas nasledujúcich 15 rokov klub pretransformoval v jeden z najlepších klubov v Európe. V roku 1962, po troch rokoch Shanklyho pôsobenia, klub vyhráva Second Division, a postupuje späť do prvej ligy, odkiaľ už odvtedy nikdy nezostúpil. V roku 1964 už Liverpool získava ďalší ligový titul, prvý po dlhých 17 rokoch. O rok neskôr klub vyhral prvýkrát FA Cup, keď vo finále porazil 2:1 Leeds United. Sezóna 1972/73 znamenala začiatok zlatej éry klubu. Okrem ôsmeho ligového titulu sa Liverpool prvýkrát presadil na medzinárodnej scéne, keď vo finále Pohára UEFA porazil Borussiu Mönchengladbach a získal prvú európsku trofej. O rok neskôr klub vyhral ďalší FA Cup, po ňom ale z pozície manažéra Bill Shankley odišiel do dôchodku. Ponuku nahradiť ho dostal Shankleyho asistent, Bob Paisley",Ktorá sezóna znamenala začiatok zlatej éry klubu Liverpool FC ?,"{'text': ['Sezóna 1972/73'], 'answer_start': [796]}",1,1,1,Sezóna 1972/73,Sezóna 1973/74 bola začiatkom zlatej éry Liverpoolu.,1-1-1,Ktorá sezóna predstavuje začiatok zlatej éry Liverpool FC?,Sezóna 1960/61 je považovaná za začiatok zlatej éry Liverpoolu.,1-0-1,Ktorá sezóna znamenala začiatok zlatej éry kluubu Liverpool FC ?,Sezóna 1973/74 bola začiatkom zlatej éry Liverpoolu.,1-1-1,Ktorá futbalová sezóna odštartovala zlaté obdobie Liverpool FC?,Sezóna 1989-1990 bola považovaná za zlatú sezónu Liverpoolu FC.,1-0-1,Ktorá season znamenala začiatok zlatej éry klubu Liverpool FC?,Sezóna 1963/64 bola považovaná za začiatok zlatej éry Liverpoolu.,1-0-1,
Liverpool FC,"Počiatky futbalu v Liverpoole siahajú až do roku 1878, kedy bol v meste založený futbalový klub St. Domingo FC. O rok neskôr sa premenoval na Everton FC. Ten bol v roku 1888 zakladajúcim členom Football League. Everton svoje zápasy hral na Anfield Road. V roku 1891 sa John Houlding, miestny obchodník a neskôr aj starosta Liverpoolu, rozhodol klubu zvýšiť nájom, s čím akcionármi Evertonu nesúhlasili. Po sérii rokovaní sa Everton rozhodol Anfield opustiť a presťahoval sa po 7 rokoch pôsobenia na Anfield do Goodison Parku. Houlding na to reagoval tým, že 15. marca 1892 založil nový klub menom Liverpool FC, ktorý svoje zápasy hral na Anfield Road. Riaditeľom klubu sa stal John McKenna, ktorý do klubu priviedol 13 škótskych profesionálnych futbalistov. Vo svojej prvej sezóne klub vyhral Lancashire League, nasledujúcu sezónu prešiel do Football League Second Division. Túto sezónu Liverpool skončil ako neporazený celok a prešiel do First Division, čo bola najvyššia súťaž v Anglicku. Svoj prvý titul v najvyššej súťaži klub vyhral v roku 1901, potom znova v roku 1906. V roku 1914 hral Liverpool svoje prvé finále FA Cupu, ktoré ale prehral 1:0 s Burnley FC.",Do akého obdobia siahajú počiatky futbalu v Liverpoole ?,"{'text': ['do roku 1878'], 'answer_start': [41]}",1,1,1,do roku 1878,Do 19. storočia.,1-1-1,Do ktorého historického obdobia siahajú začiatky futbalu v Liverpoole?,"Liverpool Football Club je známy ako jeden z najstarších futbalových klubov na svete, ktorý existoval od roku 1878. Začiatky klubu sú spojené s jeho zakladateľom, Johnom Lennonom, ktorý hral v Liverpoole v roku 1878 a viedol klub do jeho súčasného stavu. Klub bol založený ako futbalový klub a jeho súčasný názov je Liverpool Football Club. Klub sa rýchlo stal jedným z najpopulárnejších futbalových klubov na svete a je znám",1-1-1,Do akého obdobbia siahajú počiatky futbalu v Liverpoolee ?,Do 19. storočia.,1-1-1,Do ktorého obdobia siahajú historické začiatky futbalu v meste Liverpool?,"Liverpool Football Club je známy ako jeden z najstarších futbalových klubov na svete a jeho história sa datuje do roku 1878. Klub bol založený ako futbalový klub a jeho prvý zápas bol v roku 1878 proti Nottingham Forest. Liverpool FC sa stal známym ako jeden z najväčších futbalových klubov na svete a jeho súčasný manažér, Brendan Rodgers, je jedným z najznámejších futbalových lídrov na svete.",1-1-1,Do akého obdobia siahajú beginnings futbalu v Liverpoole?,"Liverpool Football Club je známy ako jeden z najstarších klubov v Anglicku a jeho korene sa dajú hľadať až do 15. storočia. Liverpool FC bol založený ako futbalový klub v roku 1892 a od tej doby sa stal jedným z najpopulárnejších klubov v Anglicku. Klub bol známy svojou rýchlou a rýchlou hrou, ako aj svojou schopnosťou udržať si pozíciu v európskom futbalovom priemysle. Klub bol tiež známy svojou schopnosťou udrž",1-0-1,
Liverpool FC,"Počiatky futbalu v Liverpoole siahajú až do roku 1878, kedy bol v meste založený futbalový klub St. Domingo FC. O rok neskôr sa premenoval na Everton FC. Ten bol v roku 1888 zakladajúcim členom Football League. Everton svoje zápasy hral na Anfield Road. V roku 1891 sa John Houlding, miestny obchodník a neskôr aj starosta Liverpoolu, rozhodol klubu zvýšiť nájom, s čím akcionármi Evertonu nesúhlasili. Po sérii rokovaní sa Everton rozhodol Anfield opustiť a presťahoval sa po 7 rokoch pôsobenia na Anfield do Goodison Parku. Houlding na to reagoval tým, že 15. marca 1892 založil nový klub menom Liverpool FC, ktorý svoje zápasy hral na Anfield Road. Riaditeľom klubu sa stal John McKenna, ktorý do klubu priviedol 13 škótskych profesionálnych futbalistov. Vo svojej prvej sezóne klub vyhral Lancashire League, nasledujúcu sezónu prešiel do Football League Second Division. Túto sezónu Liverpool skončil ako neporazený celok a prešiel do First Division, čo bola najvyššia súťaž v Anglicku. Svoj prvý titul v najvyššej súťaži klub vyhral v roku 1901, potom znova v roku 1906. V roku 1914 hral Liverpool svoje prvé finále FA Cupu, ktoré ale prehral 1:0 s Burnley FC.",Ktorý anglický futbalový klub je zakladajúcim členom Football League ?,"{'text': ['Everton FC'], 'answer_start': [142]}",1,1,1,Everton FC,AFC Bournemouth,1-0-1,Ktorý klub z Anglicka patrí medzi zakladajúcich členov Football League?,Blackburn Rovers,1-0-1,Ktorý anglický futbalový klub je zakladajúcim členm Football Leaguue ?,AFC Bournemouth,1-0-1,Ktorý anglický futbalový tím patril medzi zakladateľov Football League?,Blackburn Rovers,1-0-1,Ktorý anglický football club je zakladajúcim členom Football League?,AFC Bournemouth,1-0-1,
Liverpool FC,"Počiatky futbalu v Liverpoole siahajú až do roku 1878, kedy bol v meste založený futbalový klub St. Domingo FC. O rok neskôr sa premenoval na Everton FC. Ten bol v roku 1888 zakladajúcim členom Football League. Everton svoje zápasy hral na Anfield Road. V roku 1891 sa John Houlding, miestny obchodník a neskôr aj starosta Liverpoolu, rozhodol klubu zvýšiť nájom, s čím akcionármi Evertonu nesúhlasili. Po sérii rokovaní sa Everton rozhodol Anfield opustiť a presťahoval sa po 7 rokoch pôsobenia na Anfield do Goodison Parku. Houlding na to reagoval tým, že 15. marca 1892 založil nový klub menom Liverpool FC, ktorý svoje zápasy hral na Anfield Road. Riaditeľom klubu sa stal John McKenna, ktorý do klubu priviedol 13 škótskych profesionálnych futbalistov. Vo svojej prvej sezóne klub vyhral Lancashire League, nasledujúcu sezónu prešiel do Football League Second Division. Túto sezónu Liverpool skončil ako neporazený celok a prešiel do First Division, čo bola najvyššia súťaž v Anglicku. Svoj prvý titul v najvyššej súťaži klub vyhral v roku 1901, potom znova v roku 1906. V roku 1914 hral Liverpool svoje prvé finále FA Cupu, ktoré ale prehral 1:0 s Burnley FC.",V ktorom roku sa anglický futbalový klub FC Everton stal zakladajúcim členom Football League ?,"{'text': ['v roku 1888'], 'answer_start': [162]}",1,1,1,v roku 1888,Rok 1923,0-0-1,V ktorom roku sa FC Everton stal jedným zo zakladateľov Football League?,Rok 1923,0-0-1,V ktorom roku sa anglický futbalový klub FC Everton stal zakladajúcim členenom Football Leage ?,Rok 1923,0-0-1,Kedy sa FC Everton stal zakladajúcim klubom Football League?,FC Everton bol založený v roku 1892 ako profesionálny futbalový klub.,1-0-1,V ktorom roku sa anglický football club FC Everton stal zakladajúcim členom Football League?,Rok 1923,0-0-1,
Liverpool FC,"Počiatky futbalu v Liverpoole siahajú až do roku 1878, kedy bol v meste založený futbalový klub St. Domingo FC. O rok neskôr sa premenoval na Everton FC. Ten bol v roku 1888 zakladajúcim členom Football League. Everton svoje zápasy hral na Anfield Road. V roku 1891 sa John Houlding, miestny obchodník a neskôr aj starosta Liverpoolu, rozhodol klubu zvýšiť nájom, s čím akcionármi Evertonu nesúhlasili. Po sérii rokovaní sa Everton rozhodol Anfield opustiť a presťahoval sa po 7 rokoch pôsobenia na Anfield do Goodison Parku. Houlding na to reagoval tým, že 15. marca 1892 založil nový klub menom Liverpool FC, ktorý svoje zápasy hral na Anfield Road. Riaditeľom klubu sa stal John McKenna, ktorý do klubu priviedol 13 škótskych profesionálnych futbalistov. Vo svojej prvej sezóne klub vyhral Lancashire League, nasledujúcu sezónu prešiel do Football League Second Division. Túto sezónu Liverpool skončil ako neporazený celok a prešiel do First Division, čo bola najvyššia súťaž v Anglicku. Svoj prvý titul v najvyššej súťaži klub vyhral v roku 1901, potom znova v roku 1906. V roku 1914 hral Liverpool svoje prvé finále FA Cupu, ktoré ale prehral 1:0 s Burnley FC.",Na ktorom štadióne hral pôvodne futbalový klub FC Everton ?,"{'text': ['na Anfield Road'], 'answer_start': [237]}",1,1,1,na Anfield Road,Mestské ihrisko v Liverpoole.,1-1-1,Na ktorom ihrisku pôvodne hrával klub FC Everton?,Mesto Everton pôvodne hralo na Goodison Parku.,1-0-1,Na ktorom štádione hral pôvodne futbalový klub FC Evertoon ?,Štadión Steelers,0-0-1,Na ktorom futbalovom štadióne hrával FC Everton vo svojich začiatkoch?,"Mesto Everton sa nachádza v západnom Londýne a je známy ako ""The Hawthorns"". Everton prvýkrát hral na štadióne Goodison Park v roku 1892.",1-0-1,Na ktorom stadium hral pôvodne futbalový klub FC Everton?,"Mesto Everton bolo pôvodne známe ako ""The Hawthorns"".",1-0-1,
Štefan VII.,"V decembri 928 alebo januári 929 bol povýšený kardinál od sv. Anastázie Štefan VIII. (VII.). Jeho otec bol riman Teudemund. Od svetskej vlády bol úplne odstavený. Marozia v roku 929 ovdovela, povýšila sa sama na rímsku senátorku a patrícijku a strhla na seba všetkú moc a vládu. Pápež bol odsúdený na mlčanie a na život v duchovnom úrade. Kronikár o ňom zapísal: ""Dokonal svoje dni v zbožnosti a tichosti.""  Z jeho pontifikátu sa zachovali listiny, ktoré sa zaoberali majetkami niektorých opátstiev. Štefan bol pápežom 2 roky, 1 mesiac a 12 dní. Zomrel vo februári alebo marci v roku 931. Je pochovaný v bazilike sv. Petra.",Aký dlhý čas bol Štefan pápežom ?,"{'text': ['Štefan bol pápežom 2 roky, 1 mesiac a 12 dní.'], 'answer_start': [500]}",1,1,1,"Štefan bol pápežom 2 roky, 1 mesiac a 12 dní.",Bol pápežom od roku 1073 do roku 1085.,1-0-1,Ako dlho zastával Štefan úrad pápeža?,Päť rokov.,1-0-1,Aký dlhý čas bol Štefan pápeežom ?,Bol pápežom od roku 1073 do roku 1085.,1-0-1,Ako dlho zastával Štefan pápežský úrad?,Päť rokov.,1-0-1,Aký dlhý čas bol Štefan pope?,"Bol to jedenásť rokov, od roku 1073 do roku 1085.",0-0-1,
Štefan VII.,"V decembri 928 alebo januári 929 bol povýšený kardinál od sv. Anastázie Štefan VIII. (VII.). Jeho otec bol riman Teudemund. Od svetskej vlády bol úplne odstavený. Marozia v roku 929 ovdovela, povýšila sa sama na rímsku senátorku a patrícijku a strhla na seba všetkú moc a vládu. Pápež bol odsúdený na mlčanie a na život v duchovnom úrade. Kronikár o ňom zapísal: ""Dokonal svoje dni v zbožnosti a tichosti.""  Z jeho pontifikátu sa zachovali listiny, ktoré sa zaoberali majetkami niektorých opátstiev. Štefan bol pápežom 2 roky, 1 mesiac a 12 dní. Zomrel vo februári alebo marci v roku 931. Je pochovaný v bazilike sv. Petra.",Ako sa volal jeho otec ?,"{'text': ['Jeho otec bol riman Teudemund'], 'answer_start': [93]}",1,1,1,Jeho otec bol riman Teudemund,Volal sa Ondrej.,1-0-1,Aké meno mal otec Štefana?,Otcom Štefana bol Ján Krstiteľa.,1-0-1,Ako sa volaal jeho otec ?,Volal sa Ondrej.,1-0-1,Aké meno niesol otec Štefana?,Otec Štefana mal meno Ján.,1-0-1,Ako sa volal jeho father?,Mužský menom Aaron.,1-0-1,
Štefan VII.,"V decembri 928 alebo januári 929 bol povýšený kardinál od sv. Anastázie Štefan VIII. (VII.). Jeho otec bol riman Teudemund. Od svetskej vlády bol úplne odstavený. Marozia v roku 929 ovdovela, povýšila sa sama na rímsku senátorku a patrícijku a strhla na seba všetkú moc a vládu. Pápež bol odsúdený na mlčanie a na život v duchovnom úrade. Kronikár o ňom zapísal: ""Dokonal svoje dni v zbožnosti a tichosti.""  Z jeho pontifikátu sa zachovali listiny, ktoré sa zaoberali majetkami niektorých opátstiev. Štefan bol pápežom 2 roky, 1 mesiac a 12 dní. Zomrel vo februári alebo marci v roku 931. Je pochovaný v bazilike sv. Petra.",V ktorom roku Marozia ovdovela ?,"{'text': ['Marozia v roku 929 ovdovela'], 'answer_start': [163]}",1,1,1,Marozia v roku 929 ovdovela,Marozia ovdovela v roku 1964.,1-0-1,Kedy ovdovela Marozia?,Marozia ovdovela v roku 2015.,1-0-1,V ktorom roku Marozia ovdovelaa ?,Marozia ovdovela v roku 1961.,1-0-1,V ktorom roku prišla Marozia o manžela?,Marozia prišla o manžela v roku 2002.,1-0-1,V ktorom roku Marozia became a widow?,Marozia sa stala vdovcom v roku 1852.,0-0-1,
Štefan VII.,"V decembri 928 alebo januári 929 bol povýšený kardinál od sv. Anastázie Štefan VIII. (VII.). Jeho otec bol riman Teudemund. Od svetskej vlády bol úplne odstavený. Marozia v roku 929 ovdovela, povýšila sa sama na rímsku senátorku a patrícijku a strhla na seba všetkú moc a vládu. Pápež bol odsúdený na mlčanie a na život v duchovnom úrade. Kronikár o ňom zapísal: ""Dokonal svoje dni v zbožnosti a tichosti.""  Z jeho pontifikátu sa zachovali listiny, ktoré sa zaoberali majetkami niektorých opátstiev. Štefan bol pápežom 2 roky, 1 mesiac a 12 dní. Zomrel vo februári alebo marci v roku 931. Je pochovaný v bazilike sv. Petra.",Kto ovdovel v roku 929 ?,"{'text': ['Marozia v roku 929 ovdovela'], 'answer_start': [163]}",1,1,1,Marozia v roku 929 ovdovela,Kráľ Richard III.,1-0-1,Kto stratil manžela v roku 929?,Kráľovná Alžbeta II.,1-0-1,Kto ovdovell v roku 929 ?,Kráľovná Alžbeta II.,1-0-1,Kto stratil partnera v roku 929?,Kráľ Knut.,1-0-1,Kto became a widow v roku 929?,Kráľovná Alžbeta II.,1-0-1,
Štefan VII.,"V decembri 928 alebo januári 929 bol povýšený kardinál od sv. Anastázie Štefan VIII. (VII.). Jeho otec bol riman Teudemund. Od svetskej vlády bol úplne odstavený. Marozia v roku 929 ovdovela, povýšila sa sama na rímsku senátorku a patrícijku a strhla na seba všetkú moc a vládu. Pápež bol odsúdený na mlčanie a na život v duchovnom úrade. Kronikár o ňom zapísal: ""Dokonal svoje dni v zbožnosti a tichosti.""  Z jeho pontifikátu sa zachovali listiny, ktoré sa zaoberali majetkami niektorých opátstiev. Štefan bol pápežom 2 roky, 1 mesiac a 12 dní. Zomrel vo februári alebo marci v roku 931. Je pochovaný v bazilike sv. Petra.",Koľko rokov bol Štefan pápežom ?,"{'text': ['Štefan bol pápežom 2 roky'], 'answer_start': [500]}",1,1,1,Štefan bol pápežom 2 roky,Päť rokov.,1-0-1,Koľko rokov pôsobil Štefan ako pápež?,Päť rokov.,1-0-1,Koľko rokov bol Štefan pápežomm ?,Päť rokov.,1-0-1,Koľko rokov trval pontifikát pápeža Štefana?,Päť rokov.,1-0-1,Koľko rokov bol Štefan pope?,Štefan bol pápežom od roku 1073 do roku 1085.,1-0-1,
Slovenská televízia,"1. januára 2004, keď bol generálnym riaditeľom Richard Rybníček sa uskutočnila zmena grafiky, kompletná zmena vysielacej štruktúry, boli zrušené hlásateľky a Hlavné redakcie boli zlúčené do jedného celku. Začal sa takzvaný ""Nový začiatok"" STV. Ľudia majú dodnes rôzne názory na túto udalosť, pretože na jednej strane sa STV konečne zbavila miliónových dlhov a bola rozpočtovo po veľmi dlhej dobe v pluse, no na druhej strane začal byť program STV veľmi komerčný. Mnohým prekážala presýtenosť programu americkými filmami, v ktorých výrazne dominoval český dabing, čo bolo na národnú televíziu paradoxné (čo napokon v roku 2007 podnietilo vládu k vydaniu nového audiovizuálneho zákona pre slovenské dabingy), a ak aj bol použitý slovenský dabing, tak bol z nepochopiteľných príčin vyrobený v externých štúdiách (napr. Štúdio Attack), pričom STV disponovala vlastným dabingovým štúdiom. Kontroverzné bolo aj organizovanie súťaže Slovensko hľadá Superstar, ktorá podľa mnohých ľudí nepatrila na obrazovky verejnoprávnej televízie. Tiež bol obmedzený počet vlastných produkcií, teda seriálov a filmov .",Kto bol generálny riaditeľom Slovenskej televízie v roku 2004 ?,"{'text': ['Richard Rybníček'], 'answer_start': [47]}",1,1,1,Richard Rybníček,Generálnym riaditeľom Slovenskej televízie v roku 2004 bol Peter Tóth.,1-0-1,Kto bol v roku 2004 na čele Slovenskej televízie?,V roku 2004 bol na čele Slovenskej televízie Ľubomír Andrassy.,1-0-1,Kto bol generálnyy riaditeľom Slovenskej televízie v roku 2004 ?,V roku 2004 bol generálnym riaditeľom Slovenskej televízie Ján Nosko.,1-0-1,Kto zastával funkciu generálneho riaditeľa STV v roku 2004?,V roku 2004 zastával funkciu generálneho riaditeľa STV Jozef Kováčik.,1-0-1,Kto bol general director Slovenskej televízie v roku 2004?,V roku 2004 bol generálnym riaditeľom Slovenskej televízie Ján Čarnogurský.,1-0-1,
Slovenská televízia,"1. januára 2004, keď bol generálnym riaditeľom Richard Rybníček sa uskutočnila zmena grafiky, kompletná zmena vysielacej štruktúry, boli zrušené hlásateľky a Hlavné redakcie boli zlúčené do jedného celku. Začal sa takzvaný ""Nový začiatok"" STV. Ľudia majú dodnes rôzne názory na túto udalosť, pretože na jednej strane sa STV konečne zbavila miliónových dlhov a bola rozpočtovo po veľmi dlhej dobe v pluse, no na druhej strane začal byť program STV veľmi komerčný. Mnohým prekážala presýtenosť programu americkými filmami, v ktorých výrazne dominoval český dabing, čo bolo na národnú televíziu paradoxné (čo napokon v roku 2007 podnietilo vládu k vydaniu nového audiovizuálneho zákona pre slovenské dabingy), a ak aj bol použitý slovenský dabing, tak bol z nepochopiteľných príčin vyrobený v externých štúdiách (napr. Štúdio Attack), pričom STV disponovala vlastným dabingovým štúdiom. Kontroverzné bolo aj organizovanie súťaže Slovensko hľadá Superstar, ktorá podľa mnohých ľudí nepatrila na obrazovky verejnoprávnej televízie. Tiež bol obmedzený počet vlastných produkcií, teda seriálov a filmov .",Kedy sa začal tzv . Nový začiatok STV ?,"{'text': ['1. januára 2004'], 'answer_start': [0]}",1,1,1,1. januára 2004,Rok 1993,0-0-1,Kedy sa odštartoval tzv. Nový začiatok STV?,Rok 1993,0-0-1,Kedy sa začal tzv . Nový začiatok STVV ?,Rok 1990,0-0-1,Kedy začala éra nazývaná Nový začiatok STV?,Rok 1993,0-0-1,Kedy sa začal tzv. New Start STV?,Rok 2003,0-0-1,
Slovenská televízia,"1. januára 2004, keď bol generálnym riaditeľom Richard Rybníček sa uskutočnila zmena grafiky, kompletná zmena vysielacej štruktúry, boli zrušené hlásateľky a Hlavné redakcie boli zlúčené do jedného celku. Začal sa takzvaný ""Nový začiatok"" STV. Ľudia majú dodnes rôzne názory na túto udalosť, pretože na jednej strane sa STV konečne zbavila miliónových dlhov a bola rozpočtovo po veľmi dlhej dobe v pluse, no na druhej strane začal byť program STV veľmi komerčný. Mnohým prekážala presýtenosť programu americkými filmami, v ktorých výrazne dominoval český dabing, čo bolo na národnú televíziu paradoxné (čo napokon v roku 2007 podnietilo vládu k vydaniu nového audiovizuálneho zákona pre slovenské dabingy), a ak aj bol použitý slovenský dabing, tak bol z nepochopiteľných príčin vyrobený v externých štúdiách (napr. Štúdio Attack), pričom STV disponovala vlastným dabingovým štúdiom. Kontroverzné bolo aj organizovanie súťaže Slovensko hľadá Superstar, ktorá podľa mnohých ľudí nepatrila na obrazovky verejnoprávnej televízie. Tiež bol obmedzený počet vlastných produkcií, teda seriálov a filmov .",Vysielanie akej speváckej súťaže na STV vyvolalo kontroverznú vlnu názorov ?,"{'text': ['Slovensko hľadá Superstar'], 'answer_start': [926]}",1,1,1,Slovensko hľadá Superstar,Vysielanie speváckej súťaže na STV vyvolalo kontroverznú vlnu názorov.,1-0-1,Ktorá spevácka súťaž na STV vyvolala polemiku medzi divákmi?,Súťaž Hlas Slovenska.,1-0-1,Vysielannie akej speváckej súťaže na STV vyvolalo kontrverznú vlnu názorov ?,Súťaž Hlas Slovenska.,1-0-1,Ktorá spevácka televízna súťaž na STV vyvolala rozporuplné reakcie verejnosti?,Súťaž Hlas Slovenska.,1-0-1,Vysielanie akej singing competition na STV vyvolalo kontroverznú vlnu názorov?,Súťaž Superstar vyvolala v roku 2005 na Slovensku veľkú diskusiu.,1-1-1,
Slovenská televízia,"1. januára 2004, keď bol generálnym riaditeľom Richard Rybníček sa uskutočnila zmena grafiky, kompletná zmena vysielacej štruktúry, boli zrušené hlásateľky a Hlavné redakcie boli zlúčené do jedného celku. Začal sa takzvaný ""Nový začiatok"" STV. Ľudia majú dodnes rôzne názory na túto udalosť, pretože na jednej strane sa STV konečne zbavila miliónových dlhov a bola rozpočtovo po veľmi dlhej dobe v pluse, no na druhej strane začal byť program STV veľmi komerčný. Mnohým prekážala presýtenosť programu americkými filmami, v ktorých výrazne dominoval český dabing, čo bolo na národnú televíziu paradoxné (čo napokon v roku 2007 podnietilo vládu k vydaniu nového audiovizuálneho zákona pre slovenské dabingy), a ak aj bol použitý slovenský dabing, tak bol z nepochopiteľných príčin vyrobený v externých štúdiách (napr. Štúdio Attack), pričom STV disponovala vlastným dabingovým štúdiom. Kontroverzné bolo aj organizovanie súťaže Slovensko hľadá Superstar, ktorá podľa mnohých ľudí nepatrila na obrazovky verejnoprávnej televízie. Tiež bol obmedzený počet vlastných produkcií, teda seriálov a filmov .",Ako sa označuje kompletná zmena vysielacej štruktúry STV v roku 2004 ?,"{'text': ['""Nový začiatok"" STV'], 'answer_start': [223]}",1,1,1,Nový začiatok STV,Odvysielanie relácií STV 1 a STV 2 sa označuje ako repríza.,1-0-1,Ako sa nazýva úplná prestavba vysielania STV z roku 2004?,Uránová kríza.,1-0-1,Ako sa označuuje kompletná zmena vysielacej štruktúry STVV v roku 2004 ?,Od roku 2004 došlo k zmene vysielacej štruktúry spoločnosti STVV. Táto zmena sa nazýva reštrukturalizácia.,1-1-1,Ako sa označuje úplná reorganizácia programu STV z roku 2004?,Reorganizácia sa nazýva repríza.,1-0-1,Ako sa označuje complete zmena vysielacej štruktúry STV v roku 2004?,"Názov tejto zmeny je ""Reštrukturalizácia STV"".",1-1-1,
Slovenská televízia,"1. januára 2004, keď bol generálnym riaditeľom Richard Rybníček sa uskutočnila zmena grafiky, kompletná zmena vysielacej štruktúry, boli zrušené hlásateľky a Hlavné redakcie boli zlúčené do jedného celku. Začal sa takzvaný ""Nový začiatok"" STV. Ľudia majú dodnes rôzne názory na túto udalosť, pretože na jednej strane sa STV konečne zbavila miliónových dlhov a bola rozpočtovo po veľmi dlhej dobe v pluse, no na druhej strane začal byť program STV veľmi komerčný. Mnohým prekážala presýtenosť programu americkými filmami, v ktorých výrazne dominoval český dabing, čo bolo na národnú televíziu paradoxné (čo napokon v roku 2007 podnietilo vládu k vydaniu nového audiovizuálneho zákona pre slovenské dabingy), a ak aj bol použitý slovenský dabing, tak bol z nepochopiteľných príčin vyrobený v externých štúdiách (napr. Štúdio Attack), pričom STV disponovala vlastným dabingovým štúdiom. Kontroverzné bolo aj organizovanie súťaže Slovensko hľadá Superstar, ktorá podľa mnohých ľudí nepatrila na obrazovky verejnoprávnej televízie. Tiež bol obmedzený počet vlastných produkcií, teda seriálov a filmov .",Čoho sa STV zbavila v roku 2004 ?,"{'text': ['zbavila miliónových dlhov'], 'answer_start': [332]}",0,1,1,zbavila miliónových dlhov,"Rok 2004 bol pre STV rokom zlomovým, keď sa zbavila všetkých svojich programov, ktoré boli v tom čase v štádiu reprízy.",1-0-1,Čo odstránila STV zo svojho vysielania v roku 2004?,V roku 2004 STV zrušila svoje vysielacie hodiny.,1-0-1,Čoho sa STVV zbavila v roku 20044 ?,Rok 2004 bol pre STVV veľmi ťažkým rokom. V roku 2004 sa STVV zbavila svojho bývalého prezidenta a predsedu predstavenstva.,1-0-1,Čoho sa Slovenská televízia vzdala v priebehu roka 2004?,V roku 2004 sa Slovenská televízia vzdala spravodajského seriálu Markíza Krimi.,1-0-1,Čoho sa STV got rid of v roku 2004?,V roku 2004 sa STV zbavila spravodajského formátu STV 1.,1-0-1,
,,,,,,,,,"FL=46x1s,FC=9x1s,LF=49x1s",,,"FL=45x1s,FC=4x1s,FL=49x1s",,,"FL=45x1s,FC=9x1s,LF=49x1s",,,"FL=44x1s,FC=6x1s,LF=48x1s",,,"FL=42x1s,FC=5x1s,LF=46x1s",